wC,wM,wL,wR,known_acceptance,normal_false_alarms,f1_balanced,f1_hard,f1_interpolation,f1_covariance,f1_extrapolation,auroc_balanced,redundancy_penalty,j_score
0.05,0.05,0.05,0.85,94.99,2,19.12,22.73,24.35,20.52,12.48,0.5814,0.0826,0.4037
0.05,0.05,0.07,0.83,94.99,2,19.36,23.32,24.44,20.8,12.84,0.5892,0.0905,0.4089
0.05,0.05,0.09,0.81,94.99,2,19.55,23.63,24.44,21.08,13.14,0.5972,0.098,0.4129
0.05,0.05,0.11,0.79,94.99,2,19.66,23.95,24.44,21.31,13.24,0.6053,0.1051,0.416
0.05,0.05,0.13,0.77,94.99,2,19.81,24.31,24.4,21.68,13.34,0.6132,0.1118,0.4197
0.05,0.05,0.15,0.75,94.99,2,19.89,24.49,24.4,21.77,13.5,0.621,0.1181,0.4221
0.05,0.05,0.17,0.73,94.99,2,19.9,24.89,24.35,21.86,13.5,0.6282,0.124,0.4246
0.05,0.05,0.19,0.71,94.99,2,19.9,24.97,24.22,22.0,13.5,0.6362,0.1294,0.4261
0.05,0.05,0.21,0.69,94.99,2,19.95,25.06,24.22,22.04,13.6,0.6444,0.1345,0.4282
0.05,0.05,0.23,0.67,94.99,2,20.04,25.46,24.26,22.27,13.6,0.6532,0.1391,0.432
0.05,0.05,0.25,0.65,94.99,2,20.19,25.68,24.31,22.5,13.75,0.6621,0.1433,0.4358
0.05,0.05,0.27,0.63,94.99,2,20.27,25.9,24.22,22.64,13.95,0.6716,0.1472,0.4392
0.05,0.05,0.29,0.61,94.99,2,20.39,26.03,24.22,22.87,14.1,0.6816,0.1506,0.4429
0.05,0.05,0.31,0.59,94.99,2,20.43,26.12,24.08,23.0,14.2,0.6911,0.1536,0.4454
0.05,0.05,0.33,0.57,94.99,2,20.4,26.21,23.81,23.23,14.15,0.701,0.1562,0.4475
0.05,0.05,0.35,0.55,94.99,2,20.35,26.25,23.77,23.18,14.1,0.7098,0.1584,0.4491
0.05,0.05,0.37,0.53,94.99,2,20.35,26.21,23.59,23.32,14.15,0.7191,0.1602,0.451
0.05,0.05,0.39,0.51,94.99,2,20.31,26.25,23.54,23.27,14.1,0.7279,0.1616,0.4527
0.05,0.05,0.41,0.49,94.99,2,20.43,26.43,23.45,23.63,14.2,0.7368,0.1626,0.4566
0.05,0.05,0.43,0.47,94.99,2,20.52,26.6,23.45,23.86,14.25,0.7457,0.1632,0.4602
0.05,0.05,0.45,0.45,94.99,2,20.63,26.64,23.45,23.99,14.45,0.7543,0.1633,0.4636
0.05,0.05,0.47,0.43,94.99,2,20.65,26.77,23.32,24.17,14.45,0.7632,0.1631,0.4665
0.05,0.05,0.49,0.41,94.99,2,20.81,26.86,23.32,24.35,14.75,0.7721,0.1624,0.4707
0.05,0.05,0.51,0.39,94.99,2,20.83,26.86,23.32,24.49,14.7,0.7817,0.1614,0.4736
0.05,0.05,0.53,0.37,94.99,2,20.91,27.12,23.41,24.62,14.7,0.7916,0.1599,0.4779
0.05,0.05,0.55,0.35,95.0,2,21.03,27.18,23.33,24.94,14.8,0.8012,0.158,0.482
0.05,0.05,0.57,0.33,95.0,2,21.08,27.26,23.24,25.21,14.8,0.8102,0.1558,0.4855
0.05,0.05,0.59,0.31,94.99,2,21.01,27.29,23.09,25.28,14.65,0.8197,0.1531,0.4876
0.05,0.05,0.61,0.29,94.99,2,21.02,27.16,23.0,25.46,14.6,0.8287,0.15,0.49
0.05,0.05,0.63,0.27,94.99,2,20.95,27.12,22.68,25.51,14.65,0.8379,0.1465,0.4919
0.05,0.05,0.65,0.25,94.99,2,20.9,26.99,22.59,25.55,14.55,0.8473,0.1426,0.4939
0.05,0.05,0.67,0.23,94.99,2,20.85,26.95,22.41,25.59,14.55,0.8563,0.1383,0.4961
0.05,0.07,0.05,0.83,94.99,2,19.2,22.73,24.26,20.85,12.48,0.5836,0.0971,0.4029
0.05,0.07,0.07,0.81,94.99,2,19.54,23.32,24.35,21.17,13.09,0.5913,0.1046,0.4091
0.05,0.07,0.09,0.79,94.99,2,19.65,23.63,24.35,21.35,13.24,0.599,0.1118,0.4122
0.05,0.07,0.11,0.77,94.99,2,19.71,24.04,24.35,21.54,13.24,0.6072,0.1185,0.4153
0.05,0.07,0.13,0.75,94.99,2,19.85,24.31,24.35,21.86,13.34,0.6153,0.1248,0.4187
0.05,0.07,0.15,0.73,94.99,2,19.95,24.49,24.35,21.95,13.55,0.6228,0.1308,0.4213
0.05,0.07,0.17,0.71,94.99,2,19.95,24.89,24.31,22.04,13.5,0.6303,0.1363,0.4237
0.05,0.07,0.19,0.69,94.99,2,19.95,24.97,24.17,22.18,13.5,0.6389,0.1414,0.4254
0.05,0.07,0.21,0.67,94.99,2,20.03,25.06,24.22,22.27,13.6,0.647,0.1461,0.4279
0.05,0.07,0.23,0.65,94.99,2,20.1,25.46,24.26,22.46,13.6,0.6556,0.1504,0.4315
0.05,0.07,0.25,0.63,94.99,2,20.19,25.77,24.22,22.59,13.75,0.6646,0.1542,0.4351
0.05,0.07,0.27,0.61,94.99,2,20.32,25.99,24.13,22.78,14.05,0.674,0.1577,0.439
0.05,0.07,0.29,0.59,94.99,2,20.38,26.08,24.08,22.96,14.1,0.6839,0.1608,0.4419
0.05,0.07,0.31,0.57,94.99,2,20.4,26.12,23.95,23.05,14.2,0.6934,0.1634,0.4442
0.05,0.07,0.33,0.55,94.99,2,20.43,26.29,23.77,23.36,14.15,0.703,0.1657,0.4472
0.05,0.07,0.35,0.53,94.99,2,20.38,26.34,23.68,23.32,14.15,0.7117,0.1675,0.4488
0.05,0.07,0.37,0.51,94.99,2,20.43,26.25,23.5,23.63,14.15,0.721,0.169,0.4511
0.05,0.07,0.39,0.49,94.99,2,20.44,26.47,23.54,23.68,14.1,0.73,0.17,0.454
0.05,0.07,0.41,0.47,94.99,2,20.55,26.6,23.45,23.9,14.3,0.7387,0.1706,0.4577
0.05,0.07,0.43,0.45,94.99,2,20.64,26.73,23.41,24.22,14.3,0.7476,0.1708,0.4612
0.05,0.07,0.45,0.43,94.99,2,20.75,26.86,23.41,24.31,14.55,0.7566,0.1706,0.4651
0.05,0.07,0.47,0.41,94.99,2,20.84,26.99,23.36,24.62,14.55,0.7657,0.17,0.4688
0.05,0.07,0.49,0.39,94.99,2,20.97,27.16,23.23,24.89,14.79,0.7747,0.169,0.4731
0.05,0.07,0.51,0.37,95.0,2,20.98,27.18,23.15,24.99,14.8,0.7844,0.1676,0.4759
0.05,0.07,0.53,0.35,95.0,2,21.09,27.3,23.19,25.29,14.8,0.794,0.1658,0.4801
0.05,0.07,0.55,0.33,95.0,2,21.16,27.35,23.2,25.47,14.8,0.8036,0.1636,0.4837
0.05,0.09,0.05,0.81,94.99,2,19.23,22.73,24.22,20.98,12.48,0.5857,0.1108,0.4016
0.05,0.09,0.07,0.79,94.99,2,19.58,23.32,24.31,21.35,13.09,0.5932,0.118,0.4081
0.05,0.09,0.09,0.77,94.99,2,19.68,23.72,24.31,21.49,13.24,0.6009,0.1248,0.4113
0.05,0.09,0.11,0.75,94.99,2,19.7,24.13,24.31,21.59,13.19,0.6092,0.1312,0.414
0.05,0.09,0.13,0.73,94.99,2,19.85,24.4,24.31,21.91,13.34,0.6171,0.1371,0.4176
0.05,0.09,0.15,0.71,94.99,2,19.98,24.57,24.26,22.14,13.55,0.6249,0.1427,0.4206
0.05,0.09,0.17,0.69,94.99,2,20.0,24.93,24.22,22.27,13.5,0.633,0.1478,0.4233
0.05,0.09,0.19,0.67,94.99,2,20.0,25.02,24.13,22.37,13.5,0.6414,0.1526,0.425
0.05,0.09,0.21,0.65,94.99,2,20.09,25.15,24.17,22.5,13.6,0.6493,0.1569,0.4277
0.05,0.09,0.23,0.63,94.99,2,20.12,25.59,24.08,22.68,13.6,0.6582,0.1609,0.4312
0.05,0.09,0.25,0.61,94.99,2,20.22,25.9,24.08,22.82,13.75,0.6672,0.1644,0.435
0.05,0.09,0.27,0.59,94.99,2,20.41,26.08,24.04,23.05,14.15,0.6763,0.1675,0.4393
0.05,0.09,0.29,0.57,94.99,2,20.5,26.12,23.99,23.32,14.2,0.6861,0.1702,0.4424
0.05,0.09,0.31,0.55,94.99,2,20.54,26.21,23.86,23.45,14.3,0.6955,0.1725,0.4451
0.05,0.09,0.33,0.53,94.99,2,20.55,26.34,23.72,23.68,14.25,0.7049,0.1744,0.4477
0.05,0.09,0.35,0.51,94.99,2,20.55,26.43,23.59,23.77,14.3,0.7135,0.1759,0.45
0.05,0.09,0.37,0.49,94.99,2,20.57,26.43,23.5,23.95,14.25,0.7231,0.177,0.4524
0.05,0.09,0.39,0.47,94.99,2,20.56,26.69,23.41,24.08,14.2,0.732,0.1776,0.4554
0.05,0.09,0.41,0.45,94.99,2,20.69,26.82,23.45,24.31,14.3,0.7407,0.1779,0.4592
0.05,0.11,0.05,0.79,94.99,2,19.29,22.82,24.17,21.22,12.48,0.5876,0.1238,0.4011
0.05,0.11,0.07,0.77,94.99,2,19.66,23.41,24.26,21.63,13.09,0.5951,0.1306,0.4077
0.05,0.11,0.09,0.75,94.99,2,19.76,23.81,24.26,21.77,13.24,0.603,0.137,0.4111
0.05,0.11,0.11,0.73,94.99,2,19.79,24.22,24.26,21.86,13.24,0.6111,0.1431,0.414
0.05,0.11,0.13,0.71,94.99,2,19.98,24.44,24.26,22.23,13.44,0.6194,0.1487,0.4179
0.05,0.11,0.15,0.69,94.99,2,20.12,24.66,24.26,22.46,13.65,0.6273,0.1539,0.4213
0.05,0.11,0.17,0.67,94.99,2,20.15,25.02,24.22,22.64,13.6,0.6354,0.1587,0.4241
0.05,0.11,0.19,0.65,94.99,2,20.14,25.11,24.08,22.64,13.7,0.6438,0.1631,0.4258
0.05,0.11,0.21,0.63,94.99,2,20.16,25.24,23.99,22.78,13.7,0.652,0.167,0.4278
0.05,0.11,0.23,0.61,94.99,2,20.2,25.64,23.95,22.96,13.7,0.6606,0.1706,0.4313
0.05,0.11,0.25,0.59,94.99,2,20.33,25.94,23.95,23.18,13.85,0.6693,0.1738,0.4353
0.05,0.11,0.27,0.57,94.99,2,20.46,26.08,23.9,23.32,14.15,0.6785,0.1765,0.439
0.05,0.11,0.29,0.55,95.0,2,20.52,26.13,23.91,23.46,14.2,0.6882,0.1789,0.4419
0.05,0.13,0.05,0.77,94.99,2,19.43,22.87,24.17,21.49,12.64,0.5896,0.136,0.4014
0.05,0.13,0.07,0.75,94.99,2,19.74,23.45,24.17,21.86,13.19,0.5972,0.1425,0.4074
0.05,0.13,0.09,0.73,94.99,2,19.85,23.86,24.17,22.04,13.34,0.605,0.1486,0.411
0.05,0.13,0.11,0.71,94.99,2,19.92,24.22,24.17,22.23,13.34,0.6134,0.1542,0.4141
0.05,0.13,0.13,0.69,94.99,2,20.0,24.4,24.08,22.41,13.5,0.6217,0.1595,0.4168
0.05,0.13,0.15,0.67,94.99,2,20.12,24.66,24.13,22.59,13.65,0.6297,0.1643,0.4203
0.07,0.05,0.05,0.83,94.99,2,19.5,23.32,24.44,21.17,12.89,0.5897,0.0889,0.4107
0.07,0.05,0.07,0.81,94.99,2,19.73,23.81,24.44,21.49,13.24,0.5978,0.0967,0.4156
0.07,0.05,0.09,0.79,94.99,2,19.73,24.17,24.44,21.49,13.24,0.6058,0.1041,0.4177
0.07,0.05,0.11,0.77,94.99,2,19.84,24.44,24.4,21.77,13.34,0.6141,0.1111,0.4208
0.07,0.05,0.13,0.75,94.99,2,19.93,24.53,24.4,21.86,13.55,0.622,0.1178,0.423
0.07,0.05,0.15,0.73,94.99,2,20.07,24.97,24.44,22.18,13.6,0.6292,0.124,0.4269
0.07,0.05,0.17,0.71,94.99,2,20.01,25.02,24.35,22.18,13.5,0.6372,0.1298,0.4275
0.07,0.05,0.19,0.69,95.0,2,20.03,25.2,24.27,22.23,13.6,0.6454,0.1352,0.4296
0.07,0.05,0.21,0.67,94.99,2,20.09,25.46,24.22,22.46,13.6,0.6541,0.1401,0.4325
0.07,0.05,0.23,0.65,94.99,2,20.22,25.73,24.26,22.64,13.75,0.6631,0.1447,0.4363
0.07,0.05,0.25,0.63,94.99,2,20.41,25.99,24.31,22.82,14.1,0.6726,0.1489,0.4409
0.07,0.05,0.27,0.61,94.99,2,20.43,26.16,24.22,22.91,14.15,0.6826,0.1527,0.4436
0.07,0.05,0.29,0.59,94.99,2,20.52,26.25,24.22,23.09,14.25,0.6922,0.156,0.4467
0.07,0.05,0.31,0.57,94.99,2,20.55,26.34,24.17,23.27,14.2,0.7021,0.159,0.4493
0.07,0.05,0.33,0.55,94.99,2,20.46,26.38,23.86,23.27,14.25,0.7112,0.1615,0.4505
0.07,0.05,0.35,0.53,94.99,2,20.54,26.34,23.72,23.5,14.4,0.7206,0.1636,0.4532
0.07,0.05,0.37,0.51,94.99,2,20.56,26.43,23.59,23.68,14.4,0.7296,0.1654,0.4556
0.07,0.05,0.39,0.49,94.99,2,20.62,26.69,23.54,23.9,14.4,0.7382,0.1667,0.4591
0.07,0.05,0.41,0.47,94.99,2,20.71,26.69,23.59,23.99,14.55,0.7474,0.1676,0.4622
0.07,0.05,0.43,0.45,94.99,2,20.76,26.82,23.54,24.13,14.6,0.7562,0.1681,0.4653
0.07,0.05,0.45,0.43,94.99,2,20.74,26.82,23.41,24.17,14.65,0.7651,0.1682,0.4673
0.07,0.05,0.47,0.41,94.99,2,20.88,27.03,23.36,24.49,14.79,0.7739,0.1679,0.4717
0.07,0.05,0.49,0.39,94.99,2,20.92,27.03,23.36,24.66,14.75,0.7836,0.1672,0.4747
0.07,0.05,0.51,0.37,94.99,2,20.98,27.21,23.41,24.8,14.75,0.7936,0.1661,0.4786
0.07,0.05,0.53,0.35,95.0,2,21.1,27.39,23.42,25.08,14.8,0.8032,0.1645,0.483
0.07,0.05,0.55,0.33,95.0,2,21.16,27.31,23.42,25.25,14.8,0.8128,0.1626,0.486
0.07,0.05,0.57,0.31,94.99,2,21.18,27.47,23.18,25.55,14.79,0.8222,0.1603,0.4894
0.07,0.05,0.59,0.29,94.99,2,21.12,27.42,23.05,25.68,14.65,0.8313,0.1575,0.4914
0.07,0.05,0.61,0.27,94.99,2,21.12,27.34,22.91,25.81,14.65,0.8407,0.1544,0.4939
0.07,0.05,0.63,0.25,94.99,2,21.06,27.16,22.64,25.86,14.7,0.8497,0.1508,0.4955
0.07,0.05,0.65,0.23,95.0,2,21.02,27.08,22.6,25.86,14.6,0.8585,0.1468,0.4976
0.07,0.07,0.05,0.81,94.99,2,19.53,23.36,24.35,21.35,12.89,0.5921,0.103,0.4097
0.07,0.07,0.07,0.79,94.99,2,19.76,23.81,24.35,21.68,13.24,0.5996,0.1104,0.4143
0.07,0.07,0.09,0.77,94.99,2,19.82,24.26,24.35,21.77,13.34,0.6078,0.1175,0.4175
0.07,0.07,0.11,0.75,94.99,2,19.88,24.44,24.35,21.95,13.34,0.6162,0.1242,0.4198
0.07,0.07,0.13,0.73,94.99,2,20.0,24.57,24.35,22.09,13.55,0.6238,0.1304,0.4224
0.07,0.07,0.15,0.71,94.99,2,20.12,24.97,24.4,22.37,13.6,0.6313,0.1363,0.426
0.07,0.07,0.17,0.69,94.99,2,20.03,25.02,24.31,22.27,13.5,0.6399,0.1417,0.4265
0.07,0.07,0.19,0.67,95.0,2,20.06,25.25,24.22,22.37,13.6,0.6482,0.1468,0.429
0.07,0.07,0.21,0.65,94.99,2,20.14,25.51,24.26,22.55,13.6,0.6564,0.1514,0.432
0.07,0.07,0.23,0.63,94.99,2,20.2,25.73,24.26,22.59,13.75,0.6657,0.1556,0.4351
0.07,0.07,0.25,0.61,94.99,2,20.41,25.99,24.26,22.87,14.1,0.675,0.1594,0.4399
0.07,0.07,0.27,0.59,94.99,2,20.43,26.25,24.13,23.0,14.15,0.6849,0.1628,0.4429
0.07,0.07,0.29,0.57,94.99,2,20.52,26.34,24.08,23.23,14.25,0.6944,0.1658,0.4461
0.07,0.07,0.31,0.55,94.99,2,20.55,26.38,24.04,23.41,14.2,0.7042,0.1684,0.4486
0.07,0.07,0.33,0.53,94.99,2,20.54,26.43,23.81,23.54,14.25,0.7132,0.1706,0.4505
0.07,0.07,0.35,0.51,94.99,2,20.6,26.43,23.63,23.77,14.4,0.7224,0.1724,0.4532
0.07,0.07,0.37,0.49,94.99,2,20.63,26.51,23.59,24.04,14.25,0.7316,0.1738,0.4559
0.07,0.07,0.39,0.47,94.99,2,20.8,26.86,23.54,24.22,14.65,0.7402,0.1747,0.4609
0.07,0.07,0.41,0.45,94.99,2,20.88,26.82,23.63,24.31,14.7,0.7494,0.1753,0.4637
0.07,0.07,0.43,0.43,94.99,2,20.9,26.95,23.54,24.4,14.75,0.7585,0.1754,0.4666
0.07,0.07,0.45,0.41,94.99,2,20.95,27.03,23.5,24.62,14.75,0.7677,0.1752,0.4698
0.07,0.07,0.47,0.39,94.99,2,21.08,27.25,23.32,25.02,14.89,0.7767,0.1745,0.4741
0.07,0.07,0.49,0.37,94.99,2,21.07,27.38,23.23,25.15,14.84,0.7863,0.1734,0.4771
0.07,0.07,0.51,0.35,95.0,2,21.15,27.39,23.19,25.42,14.85,0.7961,0.172,0.4806
0.07,0.07,0.53,0.33,95.0,2,21.17,27.47,23.23,25.47,14.8,0.8058,0.1701,0.4838
0.07,0.09,0.05,0.79,94.99,2,19.53,23.45,24.31,21.4,12.89,0.594,0.1163,0.4085
0.07,0.09,0.07,0.77,94.99,2,19.77,23.95,24.31,21.77,13.24,0.6016,0.1234,0.4134
0.07,0.09,0.09,0.75,94.99,2,19.84,24.35,24.31,21.86,13.34,0.6099,0.1302,0.4166
0.07,0.09,0.11,0.73,94.99,2,19.92,24.49,24.31,22.04,13.39,0.6181,0.1365,0.4189
0.07,0.09,0.13,0.71,94.99,2,20.04,24.62,24.35,22.23,13.55,0.6259,0.1424,0.4217
0.07,0.09,0.15,0.69,94.99,2,20.15,25.02,24.35,22.5,13.6,0.6339,0.1479,0.4254
0.07,0.09,0.17,0.67,94.99,2,20.09,25.15,24.26,22.46,13.55,0.6425,0.153,0.4266
0.07,0.09,0.19,0.65,95.0,2,20.13,25.29,24.22,22.55,13.6,0.6505,0.1576,0.4288
0.07,0.09,0.21,0.63,94.99,2,20.17,25.68,24.17,22.73,13.6,0.6591,0.1619,0.432
0.07,0.09,0.23,0.61,94.99,2,20.25,25.86,24.08,22.82,13.85,0.6681,0.1658,0.4352
0.07,0.09,0.25,0.59,94.99,2,20.53,26.08,24.13,23.27,14.2,0.6773,0.1692,0.4405
0.07,0.09,0.27,0.57,94.99,2,20.55,26.34,24.04,23.36,14.25,0.6871,0.1723,0.4436
0.07,0.09,0.29,0.55,94.99,2,20.63,26.38,23.99,23.54,14.35,0.6965,0.1749,0.4465
0.07,0.09,0.31,0.53,94.99,2,20.66,26.56,23.95,23.72,14.3,0.706,0.1772,0.4495
0.07,0.09,0.33,0.51,94.99,2,20.69,26.56,23.63,23.95,14.5,0.715,0.179,0.4518
0.07,0.09,0.35,0.49,94.99,2,20.77,26.6,23.63,24.22,14.45,0.7246,0.1804,0.4548
0.07,0.09,0.37,0.47,94.99,2,20.73,26.77,23.5,24.35,14.35,0.7336,0.1814,0.4572
0.07,0.09,0.39,0.45,94.99,2,20.88,27.03,23.5,24.49,14.65,0.7423,0.182,0.4616
0.07,0.09,0.41,0.43,94.99,2,20.92,26.99,23.5,24.62,14.65,0.7516,0.1822,0.4643
0.07,0.11,0.05,0.77,94.99,2,19.58,23.54,24.26,21.59,12.89,0.596,0.129,0.4079
0.07,0.11,0.07,0.75,94.99,2,19.82,24.04,24.26,21.95,13.24,0.6037,0.1357,0.4129
0.07,0.11,0.09,0.73,94.99,2,19.95,24.4,24.26,22.14,13.44,0.6118,0.1421,0.4165
0.07,0.11,0.11,0.71,94.99,2,20.06,24.53,24.26,22.41,13.5,0.6203,0.148,0.4193
0.07,0.11,0.13,0.69,94.99,2,20.17,24.75,24.31,22.55,13.65,0.6283,0.1536,0.4223
0.07,0.11,0.15,0.67,94.99,2,20.26,25.06,24.31,22.78,13.7,0.6364,0.1587,0.4256
0.07,0.11,0.17,0.65,94.99,2,20.2,25.2,24.22,22.68,13.7,0.645,0.1634,0.4269
0.07,0.11,0.19,0.63,94.99,2,20.2,25.37,24.08,22.82,13.7,0.6532,0.1678,0.4289
0.07,0.11,0.21,0.61,94.99,2,20.26,25.68,23.99,23.09,13.7,0.6615,0.1717,0.4321
0.07,0.11,0.23,0.59,94.99,2,20.33,25.94,23.95,23.18,13.85,0.6703,0.1752,0.4354
0.07,0.11,0.25,0.57,94.99,2,20.53,26.16,23.99,23.45,14.15,0.6796,0.1783,0.44
0.07,0.11,0.27,0.55,95.0,2,20.57,26.39,23.91,23.55,14.25,0.6892,0.181,0.4432
0.07,0.13,0.05,0.75,94.99,2,19.74,23.59,24.26,21.82,13.14,0.598,0.1408,0.4083
0.07,0.13,0.07,0.73,94.99,2,19.92,24.08,24.17,22.23,13.34,0.6057,0.1473,0.4128
0.07,0.13,0.09,0.71,94.99,2,20.02,24.4,24.17,22.46,13.44,0.614,0.1533,0.4162
0.07,0.13,0.11,0.69,94.99,2,20.07,24.57,24.17,22.55,13.5,0.6225,0.1589,0.4185
0.07,0.13,0.13,0.67,94.99,2,20.2,24.8,24.22,22.68,13.7,0.6308,0.164,0.4219
0.07,0.13,0.15,0.65,94.99,2,20.26,25.15,24.22,22.87,13.7,0.639,0.1688,0.4251
0.09,0.05,0.05,0.81,94.99,2,19.74,24.04,24.44,21.49,13.29,0.5983,0.0947,0.4169
0.09,0.05,0.07,0.79,94.99,2,19.9,24.35,24.44,21.91,13.34,0.6064,0.1025,0.4204
0.09,0.05,0.09,0.77,94.99,2,19.9,24.49,24.4,21.95,13.34,0.6149,0.1099,0.4219
0.09,0.05,0.11,0.75,94.99,2,20.04,24.75,24.44,22.14,13.55,0.623,0.1168,0.4253
0.09,0.05,0.13,0.73,94.99,2,20.13,25.11,24.44,22.37,13.6,0.6303,0.1234,0.4283
0.09,0.05,0.15,0.71,94.99,2,20.14,25.11,24.44,22.32,13.65,0.6383,0.1295,0.4294
0.09,0.05,0.17,0.69,94.99,2,20.1,25.28,24.35,22.37,13.6,0.6464,0.1352,0.4309
0.09,0.05,0.19,0.67,94.99,2,20.14,25.55,24.22,22.59,13.6,0.6551,0.1406,0.4335
0.09,0.05,0.21,0.65,95.0,2,20.17,25.82,24.27,22.64,13.6,0.6641,0.1455,0.4363
0.09,0.05,0.23,0.63,94.99,2,20.38,26.08,24.26,22.87,14.0,0.6737,0.15,0.4409
0.09,0.05,0.25,0.61,94.99,2,20.58,26.21,24.31,23.09,14.35,0.6836,0.1541,0.4453
0.09,0.05,0.27,0.59,94.99,2,20.65,26.43,24.22,23.18,14.55,0.6933,0.1578,0.4486
0.09,0.05,0.29,0.57,94.99,2,20.69,26.43,24.17,23.36,14.55,0.7028,0.1611,0.451
0.09,0.05,0.31,0.55,94.99,2,20.71,26.47,24.08,23.5,14.55,0.7126,0.164,0.4533
0.09,0.05,0.33,0.53,94.99,2,20.73,26.43,23.86,23.72,14.6,0.722,0.1665,0.4553
0.09,0.05,0.35,0.51,94.99,2,20.74,26.6,23.77,23.86,14.6,0.7309,0.1685,0.458
0.09,0.05,0.37,0.49,94.99,2,20.62,26.64,23.59,23.86,14.4,0.7397,0.1702,0.4588
0.09,0.05,0.39,0.47,94.99,2,20.74,26.69,23.54,24.08,14.6,0.749,0.1715,0.4624
0.09,0.05,0.41,0.45,94.99,2,20.83,26.73,23.68,24.17,14.65,0.758,0.1723,0.4655
0.09,0.05,0.43,0.43,94.99,2,20.88,26.86,23.54,24.4,14.7,0.7669,0.1727,0.4686
0.09,0.05,0.45,0.41,94.99,2,20.94,27.08,23.5,24.53,14.79,0.7758,0.1728,0.4722
0.09,0.05,0.47,0.39,94.99,2,21.0,27.25,23.45,24.75,14.79,0.7854,0.1724,0.4759
0.09,0.05,0.49,0.37,94.99,2,21.07,27.34,23.45,24.97,14.79,0.7957,0.1716,0.4796
0.09,0.05,0.51,0.35,94.99,2,21.16,27.47,23.45,25.24,14.79,0.8054,0.1704,0.4835
0.09,0.05,0.53,0.33,95.0,2,21.2,27.52,23.42,25.39,14.8,0.8154,0.1688,0.4869
0.09,0.05,0.55,0.31,95.0,2,21.32,27.6,23.46,25.69,14.8,0.8247,0.1668,0.4909
0.09,0.05,0.57,0.29,94.99,2,21.25,27.51,23.14,25.86,14.75,0.834,0.1644,0.4926
0.09,0.05,0.59,0.27,94.99,2,21.22,27.42,22.91,25.99,14.75,0.8434,0.1616,0.4947
0.09,0.05,0.61,0.25,94.99,2,21.14,27.42,22.68,26.03,14.7,0.852,0.1584,0.4966
0.09,0.05,0.63,0.23,94.99,2,21.18,27.38,22.59,25.99,14.94,0.8605,0.1548,0.4995
0.09,0.05,0.65,0.21,94.99,2,21.19,27.21,22.5,26.12,14.94,0.8684,0.1507,0.5016
0.09,0.07,0.05,0.79,94.99,2,19.8,24.08,24.35,21.77,13.29,0.6002,0.1085,0.4161
0.09,0.07,0.07,0.77,94.99,2,19.91,24.4,24.35,22.04,13.34,0.6085,0.1159,0.4193
0.09,0.07,0.09,0.75,94.99,2,19.95,24.49,24.4,22.04,13.39,0.617,0.1229,0.421
0.09,0.07,0.11,0.73,94.99,2,20.06,24.75,24.4,22.23,13.55,0.6248,0.1295,0.424
0.09,0.07,0.13,0.71,94.99,2,20.13,25.11,24.4,22.41,13.6,0.6322,0.1357,0.4269
0.09,0.07,0.15,0.69,94.99,2,20.17,25.2,24.4,22.46,13.65,0.6408,0.1415,0.4288
0.09,0.07,0.17,0.67,94.99,2,20.1,25.33,24.31,22.41,13.6,0.6493,0.1469,0.43
0.09,0.07,0.19,0.65,94.99,2,20.18,25.64,24.26,22.68,13.6,0.6575,0.1518,0.4331
0.09,0.07,0.21,0.63,94.99,2,20.17,25.9,24.26,22.64,13.6,0.6668,0.1564,0.4355
0.09,0.07,0.23,0.61,94.99,2,20.39,26.12,24.22,22.96,14.0,0.6761,0.1606,0.4403
0.09,0.07,0.25,0.59,94.99,2,20.58,26.34,24.26,23.14,14.35,0.6859,0.1643,0.4449
0.09,0.07,0.27,0.57,94.99,2,20.69,26.47,24.13,23.41,14.55,0.6954,0.1676,0.4483
0.09,0.07,0.29,0.55,94.99,2,20.72,26.47,24.04,23.59,14.55,0.7051,0.1706,0.4506
0.09,0.07,0.31,0.53,94.99,2,20.75,26.51,23.99,23.72,14.55,0.7146,0.1731,0.453
0.09,0.07,0.33,0.51,95.0,2,20.78,26.52,23.82,23.91,14.6,0.7237,0.1752,0.4552
0.09,0.07,0.35,0.49,94.99,2,20.86,26.73,23.72,24.17,14.7,0.733,0.1769,0.4589
0.09,0.07,0.37,0.47,94.99,2,20.78,26.86,23.59,24.26,14.5,0.7418,0.1782,0.4606
0.09,0.07,0.39,0.45,94.99,2,20.91,26.86,23.63,24.4,14.7,0.7511,0.1791,0.464
0.09,0.07,0.41,0.43,94.99,2,20.99,26.9,23.68,24.53,14.75,0.7602,0.1796,0.4671
0.09,0.07,0.43,0.41,94.99,2,21.08,27.08,23.59,24.8,14.84,0.7694,0.1797,0.4709
0.09,0.07,0.45,0.39,94.99,2,21.17,27.34,23.59,25.02,14.89,0.7785,0.1794,0.4751
0.09,0.07,0.47,0.37,94.99,2,21.17,27.51,23.41,25.2,14.89,0.7881,0.1787,0.4782
0.09,0.07,0.49,0.35,95.0,2,21.27,27.57,23.38,25.52,14.9,0.7982,0.1775,0.4821
0.09,0.07,0.51,0.33,95.0,2,21.23,27.56,23.28,25.6,14.8,0.808,0.176,0.4843
0.09,0.09,0.05,0.77,94.99,2,19.82,24.17,24.31,21.86,13.29,0.6024,0.1215,0.4152
0.09,0.09,0.07,0.75,94.99,2,19.91,24.44,24.31,22.09,13.34,0.6105,0.1286,0.418
0.09,0.09,0.09,0.73,94.99,2,19.98,24.62,24.35,22.14,13.44,0.6189,0.1352,0.4204
0.09,0.09,0.11,0.71,94.99,2,20.09,24.84,24.35,22.37,13.55,0.6268,0.1415,0.4233
0.09,0.09,0.13,0.69,94.99,2,20.17,25.15,24.35,22.55,13.6,0.6347,0.1473,0.4263
0.09,0.09,0.15,0.67,94.99,2,20.23,25.24,24.35,22.68,13.65,0.6436,0.1527,0.4286
0.09,0.09,0.17,0.65,94.99,2,20.2,25.42,24.31,22.68,13.6,0.6517,0.1577,0.4302
0.09,0.09,0.19,0.63,94.99,2,20.23,25.73,24.22,22.87,13.6,0.6602,0.1624,0.433
0.09,0.09,0.21,0.61,94.99,2,20.28,26.03,24.17,22.91,13.75,0.6691,0.1666,0.4362
0.09,0.09,0.23,0.59,94.99,2,20.56,26.21,24.17,23.32,14.2,0.6784,0.1704,0.4414
0.09,0.09,0.25,0.57,94.99,2,20.72,26.38,24.13,23.59,14.45,0.6881,0.1738,0.4455
0.09,0.09,0.27,0.55,94.99,2,20.74,26.56,24.04,23.68,14.5,0.6976,0.1767,0.4482
0.09,0.09,0.29,0.53,94.99,2,20.85,26.56,23.99,23.9,14.65,0.707,0.1793,0.4513
0.09,0.09,0.31,0.51,94.99,2,20.92,26.64,23.9,24.22,14.65,0.7166,0.1815,0.4544
0.09,0.09,0.33,0.49,95.0,2,20.93,26.65,23.73,24.36,14.7,0.7258,0.1833,0.4565
0.09,0.09,0.35,0.47,94.99,2,20.94,26.95,23.68,24.44,14.7,0.735,0.1846,0.4598
0.09,0.09,0.37,0.45,94.99,2,20.83,27.03,23.5,24.49,14.5,0.744,0.1856,0.4611
0.09,0.09,0.39,0.43,95.0,2,20.96,27.04,23.51,24.71,14.65,0.7533,0.1861,0.4646
0.09,0.11,0.05,0.75,94.99,2,19.87,24.22,24.26,22.04,13.29,0.6044,0.1338,0.4145
0.09,0.11,0.07,0.73,94.99,2,20.06,24.49,24.31,22.37,13.5,0.6124,0.1405,0.4183
0.09,0.11,0.09,0.71,94.99,2,20.12,24.71,24.31,22.5,13.55,0.621,0.1468,0.4209
0.09,0.11,0.11,0.69,94.99,2,20.23,24.93,24.31,22.68,13.7,0.6291,0.1527,0.4239
0.09,0.11,0.13,0.67,94.99,2,20.29,25.24,24.31,22.87,13.7,0.6375,0.1582,0.4269
0.09,0.11,0.15,0.65,94.99,2,20.37,25.37,24.35,22.96,13.8,0.6461,0.1632,0.4295
0.09,0.11,0.17,0.63,94.99,2,20.31,25.42,24.22,23.0,13.7,0.6543,0.1679,0.4304
0.09,0.11,0.19,0.61,94.99,2,20.29,25.9,23.99,23.18,13.7,0.6624,0.1721,0.4334
0.09,0.11,0.21,0.59,94.99,2,20.32,25.99,23.99,23.18,13.8,0.6714,0.176,0.4357
0.09,0.11,0.23,0.57,94.99,2,20.57,26.21,23.99,23.45,14.25,0.6806,0.1794,0.4406
0.09,0.11,0.25,0.55,94.99,2,20.77,26.47,24.04,23.72,14.55,0.6904,0.1825,0.4456
0.09,0.11,0.27,0.53,94.99,2,20.81,26.6,23.99,23.9,14.55,0.6997,0.1851,0.4484
0.09,0.13,0.05,0.73,94.99,2,19.96,24.31,24.17,22.32,13.39,0.6064,0.1453,0.4145
0.09,0.13,0.07,0.71,94.99,2,20.13,24.44,24.22,22.68,13.5,0.6147,0.1517,0.4178
0.09,0.13,0.09,0.69,94.99,2,20.13,24.71,24.22,22.64,13.55,0.6233,0.1576,0.42
0.09,0.13,0.11,0.67,94.99,2,20.23,25.02,24.17,22.82,13.7,0.6318,0.1631,0.4234
0.09,0.13,0.13,0.65,94.99,2,20.31,25.24,24.26,22.96,13.7,0.6401,0.1683,0.4262
0.11,0.05,0.05,0.79,94.99,2,19.94,24.4,24.49,22.0,13.34,0.607,0.1003,0.4215
0.11,0.05,0.07,0.77,94.99,2,20.01,24.66,24.44,22.14,13.44,0.6156,0.108,0.4241
0.11,0.05,0.09,0.75,94.99,2,20.09,24.93,24.44,22.23,13.6,0.6239,0.1153,0.4268
0.11,0.05,0.11,0.73,94.99,2,20.15,25.15,24.44,22.41,13.6,0.6313,0.1222,0.429
0.11,0.05,0.13,0.71,94.99,2,20.18,25.2,24.44,22.46,13.65,0.6392,0.1287,0.4305
0.11,0.05,0.15,0.69,94.99,2,20.28,25.28,24.4,22.59,13.85,0.6475,0.1347,0.4329
0.11,0.05,0.17,0.67,94.99,2,20.33,25.77,24.31,22.78,13.9,0.6561,0.1404,0.4364
0.11,0.05,0.19,0.65,94.99,2,20.3,25.9,24.22,22.78,13.9,0.6652,0.1457,0.4381
0.11,0.05,0.21,0.63,94.99,2,20.42,26.08,24.26,22.91,14.1,0.6749,0.1505,0.4416
0.11,0.05,0.23,0.61,94.99,2,20.66,26.38,24.31,23.27,14.4,0.6845,0.155,0.4468
0.11,0.05,0.25,0.59,94.99,2,20.74,26.47,24.26,23.36,14.6,0.6944,0.159,0.4498
0.11,0.05,0.27,0.57,94.99,2,20.8,26.51,24.22,23.59,14.6,0.704,0.1626,0.4524
0.11,0.05,0.29,0.55,94.99,2,20.83,26.56,24.17,23.72,14.6,0.7141,0.1659,0.4549
0.11,0.05,0.31,0.53,94.99,2,20.83,26.6,24.04,23.81,14.65,0.7232,0.1687,0.4569
0.11,0.05,0.33,0.51,94.99,2,20.8,26.73,23.9,23.9,14.6,0.7322,0.1711,0.459
0.11,0.05,0.35,0.49,94.99,2,20.77,26.77,23.72,23.99,14.6,0.7413,0.1731,0.4608
0.11,0.05,0.37,0.47,94.99,2,20.82,26.9,23.63,24.22,14.6,0.7505,0.1747,0.4638
0.11,0.05,0.39,0.45,94.99,2,20.86,26.82,23.68,24.26,14.65,0.7598,0.1759,0.4661
0.11,0.05,0.41,0.43,94.99,2,20.98,26.95,23.68,24.57,14.7,0.7687,0.1767,0.4698
0.11,0.05,0.43,0.41,94.99,2,21.0,27.21,23.54,24.66,14.79,0.7777,0.177,0.4731
0.11,0.05,0.45,0.39,94.99,2,21.05,27.38,23.5,24.84,14.79,0.7874,0.177,0.4766
0.11,0.05,0.47,0.37,94.99,2,21.21,27.47,23.59,25.15,14.89,0.7976,0.1766,0.4812
0.11,0.05,0.49,0.35,94.99,2,21.24,27.59,23.54,25.24,14.94,0.8075,0.1757,0.4845
0.11,0.05,0.51,0.33,95.0,2,21.27,27.69,23.47,25.43,14.9,0.8177,0.1745,0.4878
0.11,0.05,0.53,0.31,95.0,2,21.48,27.7,23.47,25.88,15.1,0.827,0.1728,0.4926
0.11,0.05,0.55,0.29,94.99,2,21.45,27.68,23.36,25.99,14.99,0.8367,0.1707,0.4949
0.11,0.05,0.57,0.27,94.99,2,21.42,27.64,23.05,26.08,15.14,0.8457,0.1683,0.4971
0.11,0.05,0.59,0.25,94.99,2,21.35,27.64,22.82,26.08,15.14,0.8541,0.1654,0.4989
0.11,0.05,0.61,0.23,94.99,2,21.33,27.51,22.73,26.12,15.14,0.8625,0.1621,0.5009
0.11,0.05,0.63,0.21,94.99,2,21.3,27.42,22.55,26.21,15.14,0.8703,0.1584,0.5028
0.11,0.07,0.05,0.77,94.99,2,19.93,24.44,24.4,22.04,13.34,0.6091,0.1137,0.4201
0.11,0.07,0.07,0.75,94.99,2,20.02,24.71,24.4,22.23,13.44,0.6176,0.121,0.423
0.11,0.07,0.09,0.73,94.99,2,20.1,24.97,24.4,22.32,13.6,0.6257,0.128,0.4257
0.11,0.07,0.11,0.71,94.99,2,20.16,25.15,24.4,22.5,13.6,0.6332,0.1345,0.4278
0.11,0.07,0.13,0.69,95.0,2,20.24,25.25,24.41,22.51,13.8,0.6418,0.1406,0.4302
0.11,0.07,0.15,0.67,95.0,2,20.28,25.38,24.36,22.64,13.85,0.6505,0.1464,0.4323
0.11,0.07,0.17,0.65,94.99,2,20.34,25.81,24.31,22.82,13.9,0.6586,0.1517,0.4356
0.11,0.07,0.19,0.63,94.99,2,20.33,25.94,24.26,22.78,13.95,0.6679,0.1566,0.4376
0.11,0.07,0.21,0.61,94.99,2,20.44,26.12,24.22,23.0,14.1,0.6773,0.1611,0.441
0.11,0.07,0.23,0.59,94.99,2,20.71,26.51,24.22,23.41,14.5,0.6868,0.1652,0.4468
0.11,0.07,0.25,0.57,94.99,2,20.82,26.51,24.22,23.63,14.6,0.6965,0.1688,0.4498
0.11,0.07,0.27,0.55,94.99,2,20.83,26.6,24.13,23.77,14.6,0.7061,0.1721,0.4521
0.11,0.07,0.29,0.53,94.99,2,20.85,26.64,24.04,23.9,14.6,0.7161,0.175,0.4545
0.11,0.07,0.31,0.51,94.99,2,20.88,26.77,23.95,24.04,14.65,0.7251,0.1775,0.4572
0.11,0.07,0.33,0.49,94.99,2,20.92,26.82,23.81,24.26,14.7,0.7343,0.1795,0.4598
0.11,0.07,0.35,0.47,95.0,2,20.96,26.87,23.78,24.45,14.65,0.7433,0.1812,0.4623
0.11,0.07,0.37,0.45,94.99,2,20.98,27.03,23.68,24.57,14.7,0.7526,0.1824,0.4653
0.11,0.07,0.39,0.43,94.99,2,21.04,26.95,23.68,24.71,14.75,0.762,0.1832,0.4678
0.11,0.07,0.41,0.41,94.99,2,21.12,27.16,23.68,24.89,14.79,0.7713,0.1837,0.4715
0.11,0.07,0.43,0.39,95.0,2,21.22,27.39,23.64,25.11,14.9,0.7804,0.1837,0.4756
0.11,0.07,0.45,0.37,94.99,2,21.2,27.55,23.45,25.24,14.89,0.7901,0.1833,0.4784
0.11,0.07,0.47,0.35,95.0,2,21.35,27.62,23.52,25.57,14.96,0.8003,0.1825,0.4828
0.11,0.07,0.49,0.33,95.0,2,21.37,27.73,23.46,25.69,14.95,0.8101,0.1813,0.4861
0.11,0.07,0.51,0.31,95.0,2,21.35,27.77,23.32,25.82,14.9,0.8201,0.1797,0.4888
0.11,0.09,0.05,0.75,94.99,2,19.98,24.53,24.35,22.18,13.39,0.611,0.1264,0.4194
0.11,0.09,0.07,0.73,94.99,2,20.05,24.75,24.35,22.37,13.44,0.6195,0.1334,0.422
0.11,0.09,0.09,0.71,94.99,2,20.18,25.02,24.35,22.55,13.65,0.6278,0.1399,0.4253
0.11,0.09,0.11,0.69,94.99,2,20.2,25.2,24.35,22.64,13.6,0.6357,0.1461,0.4272
0.11,0.09,0.13,0.67,94.99,2,20.28,25.28,24.35,22.68,13.8,0.6447,0.1519,0.4297
0.11,0.09,0.15,0.65,95.0,2,20.35,25.56,24.31,22.87,13.85,0.6529,0.1572,0.4325
0.11,0.09,0.17,0.63,94.99,2,20.42,25.9,24.31,23.05,13.9,0.6612,0.1622,0.4358
0.11,0.09,0.19,0.61,94.99,2,20.47,26.08,24.22,23.09,14.1,0.6702,0.1668,0.4385
0.11,0.09,0.21,0.59,94.99,2,20.59,26.16,24.17,23.41,14.2,0.6795,0.1709,0.4418
0.11,0.09,0.23,0.57,94.99,2,20.88,26.56,24.17,23.86,14.6,0.6891,0.1746,0.4478
0.11,0.09,0.25,0.55,94.99,2,20.94,26.64,24.17,23.95,14.7,0.6987,0.178,0.4506
0.11,0.09,0.27,0.53,94.99,2,21.0,26.73,24.08,24.22,14.7,0.7082,0.1809,0.4535
0.11,0.09,0.29,0.51,94.99,2,21.01,26.69,24.04,24.31,14.7,0.7181,0.1834,0.4555
0.11,0.09,0.31,0.49,94.99,2,21.02,26.86,23.86,24.44,14.75,0.7272,0.1855,0.4581
0.11,0.09,0.33,0.47,94.99,2,21.0,26.99,23.77,24.53,14.7,0.7363,0.1872,0.4605
0.11,0.09,0.35,0.45,94.99,2,20.97,27.16,23.63,24.62,14.65,0.7456,0.1885,0.4629
0.11,0.09,0.37,0.43,94.99,2,21.06,27.21,23.63,24.84,14.7,0.7548,0.1894,0.4661
0.11,0.09,0.39,0.41,94.99,2,21.09,27.16,23.54,24.97,14.75,0.7645,0.1898,0.4686
0.11,0.11,0.05,0.73,94.99,2,20.09,24.57,24.31,22.46,13.5,0.613,0.1383,0.4194
0.11,0.11,0.07,0.71,94.99,2,20.18,24.8,24.31,22.68,13.55,0.6217,0.1449,0.4223
0.11,0.11,0.09,0.69,94.99,2,20.29,25.11,24.31,22.82,13.75,0.6302,0.1512,0.4257
0.11,0.11,0.11,0.67,94.99,2,20.3,25.28,24.31,22.91,13.7,0.6386,0.157,0.4277
0.11,0.11,0.13,0.65,94.99,2,20.4,25.37,24.35,22.96,13.9,0.6471,0.1624,0.4302
0.11,0.11,0.15,0.63,94.99,2,20.49,25.59,24.31,23.23,13.95,0.6554,0.1674,0.4333
0.11,0.11,0.17,0.61,94.99,2,20.46,25.94,24.13,23.41,13.85,0.6634,0.172,0.4355
0.11,0.11,0.19,0.59,94.99,2,20.56,26.08,24.08,23.41,14.2,0.6724,0.1762,0.4386
0.11,0.11,0.21,0.57,94.99,2,20.61,26.16,23.99,23.59,14.25,0.6818,0.18,0.4411
0.11,0.11,0.23,0.55,94.99,2,20.86,26.56,24.04,23.95,14.6,0.6914,0.1834,0.4469
0.11,0.11,0.25,0.53,95.0,2,20.99,26.69,24.09,24.18,14.7,0.7009,0.1863,0.4506
0.11,0.13,0.05,0.71,94.99,2,20.13,24.57,24.22,22.68,13.5,0.6154,0.1495,0.4188
0.11,0.13,0.07,0.69,94.99,2,20.21,24.8,24.22,22.82,13.6,0.6239,0.1558,0.4215
0.11,0.13,0.09,0.67,94.99,2,20.29,25.11,24.17,22.96,13.75,0.6328,0.1616,0.4248
0.11,0.13,0.11,0.65,94.99,2,20.34,25.28,24.26,23.05,13.7,0.6412,0.1671,0.4271
0.11,0.13,0.13,0.63,94.99,2,20.45,25.42,24.26,23.14,13.95,0.6496,0.1722,0.43
0.13,0.05,0.05,0.77,94.99,2,20.91,24.75,24.49,22.32,15.93,0.6162,0.1055,0.434
0.13,0.05,0.07,0.75,94.99,2,21.04,24.93,24.44,22.41,16.27,0.6247,0.1131,0.4369
0.13,0.05,0.09,0.73,94.99,2,21.04,25.2,24.44,22.46,16.22,0.6324,0.1204,0.4386
0.13,0.05,0.11,0.71,94.99,2,21.09,25.2,24.44,22.55,16.27,0.6403,0.1272,0.4401
0.13,0.05,0.13,0.69,94.99,2,21.16,25.46,24.44,22.73,16.32,0.6486,0.1336,0.4429
0.13,0.05,0.15,0.67,94.99,2,21.15,25.81,24.4,22.82,16.22,0.6572,0.1396,0.4452
0.13,0.05,0.17,0.65,94.99,2,21.15,25.94,24.26,22.91,16.27,0.6663,0.1452,0.4471
0.13,0.05,0.19,0.63,94.99,2,21.27,26.21,24.31,23.09,16.42,0.676,0.1504,0.4509
0.13,0.05,0.21,0.61,94.99,2,21.48,26.38,24.26,23.41,16.76,0.6856,0.1552,0.4552
0.13,0.05,0.23,0.59,94.99,2,21.63,26.56,24.31,23.68,16.91,0.6952,0.1596,0.4591
0.13,0.05,0.25,0.57,94.99,2,21.68,26.64,24.26,23.86,16.91,0.7052,0.1636,0.4618
0.13,0.05,0.27,0.55,94.99,2,21.72,26.69,24.22,23.99,16.95,0.7148,0.1671,0.4643
0.13,0.05,0.29,0.53,94.99,2,21.71,26.82,24.13,24.04,16.95,0.7244,0.1703,0.4665
0.13,0.05,0.31,0.51,94.99,2,21.68,26.82,24.04,24.04,16.95,0.7337,0.173,0.4681
0.13,0.05,0.33,0.49,94.99,2,21.65,26.9,23.81,24.13,17.0,0.743,0.1754,0.4701
0.13,0.05,0.35,0.47,94.99,2,21.72,26.95,23.77,24.49,16.91,0.7521,0.1773,0.4729
0.13,0.05,0.37,0.45,94.99,2,21.72,27.03,23.68,24.62,16.86,0.7616,0.1789,0.4754
0.13,0.05,0.39,0.43,94.99,2,21.83,27.03,23.72,24.71,17.05,0.7703,0.18,0.4785
0.13,0.05,0.41,0.41,94.99,2,21.87,27.16,23.68,24.8,17.15,0.7796,0.1807,0.4816
0.13,0.05,0.43,0.39,94.99,2,21.97,27.42,23.59,24.93,17.39,0.7895,0.181,0.4859
0.13,0.05,0.45,0.37,94.99,2,22.17,27.51,23.63,25.24,17.63,0.7998,0.1809,0.4908
0.13,0.05,0.47,0.35,94.99,2,22.18,27.64,23.59,25.33,17.63,0.8097,0.1804,0.4939
0.13,0.05,0.49,0.33,95.0,2,22.3,27.74,23.6,25.65,17.64,0.8197,0.1795,0.4981
0.13,0.05,0.51,0.31,95.0,2,22.34,27.87,23.56,25.88,17.6,0.8294,0.1782,0.5016
0.13,0.05,0.53,0.29,94.99,2,22.36,27.85,23.45,25.99,17.63,0.8392,0.1764,0.5044
0.13,0.05,0.55,0.27,94.99,2,22.36,27.94,23.36,26.12,17.58,0.8478,0.1743,0.5071
0.13,0.05,0.57,0.25,94.99,2,22.2,27.77,22.96,26.12,17.53,0.8563,0.1718,0.5075
0.13,0.05,0.59,0.23,94.99,2,22.26,27.77,22.78,26.12,17.87,0.8643,0.1688,0.5105
0.13,0.05,0.61,0.21,94.99,2,22.28,27.55,22.68,26.29,17.87,0.8721,0.1655,0.5125
0.13,0.05,0.63,0.19,94.99,2,22.16,27.55,22.37,26.34,17.77,0.8796,0.1617,0.5137
0.13,0.07,0.05,0.75,94.99,2,20.13,24.75,24.44,22.37,13.6,0.6182,0.1186,0.4247
0.13,0.07,0.07,0.73,94.99,2,20.27,24.93,24.4,22.46,13.95,0.6266,0.1258,0.4277
0.13,0.07,0.09,0.71,94.99,2,20.28,25.2,24.4,22.55,13.9,0.6344,0.1327,0.4297
0.13,0.07,0.11,0.69,94.99,2,20.31,25.2,24.4,22.59,13.95,0.6428,0.1392,0.4311
0.13,0.07,0.13,0.67,94.99,2,20.39,25.46,24.4,22.78,14.0,0.6517,0.1452,0.4341
0.13,0.07,0.15,0.65,94.99,2,20.4,25.86,24.35,22.91,13.95,0.6596,0.1509,0.4368
0.13,0.07,0.17,0.63,94.99,2,20.42,25.94,24.31,22.96,14.0,0.6689,0.1561,0.4388
0.13,0.07,0.19,0.61,94.99,2,20.51,26.25,24.26,23.18,14.1,0.6785,0.161,0.4425
0.13,0.07,0.21,0.59,94.99,2,20.75,26.47,24.22,23.59,14.45,0.6877,0.1654,0.4473
0.13,0.07,0.23,0.57,94.99,2,20.86,26.64,24.26,23.81,14.5,0.6976,0.1694,0.4508
0.13,0.07,0.25,0.55,94.99,2,20.92,26.77,24.17,23.99,14.6,0.7073,0.1731,0.4538
0.13,0.07,0.27,0.53,94.99,2,20.95,26.86,24.13,24.08,14.65,0.717,0.1763,0.4563
0.13,0.07,0.29,0.51,94.99,2,20.95,26.9,24.04,24.17,14.65,0.7265,0.1791,0.4584
0.13,0.07,0.31,0.49,94.99,2,20.99,26.95,23.95,24.26,14.75,0.7358,0.1815,0.4609
0.13,0.07,0.33,0.47,95.0,2,21.05,27.0,23.82,24.58,14.75,0.745,0.1835,0.4637
0.13,0.07,0.35,0.45,94.99,2,21.1,27.12,23.81,24.8,14.7,0.7543,0.185,0.4668
0.13,0.07,0.37,0.43,94.99,2,21.14,27.16,23.72,24.89,14.79,0.7638,0.1862,0.4695
0.13,0.07,0.39,0.41,94.99,2,21.21,27.29,23.72,25.06,14.84,0.7729,0.187,0.4728
0.13,0.07,0.41,0.39,94.99,2,21.26,27.47,23.72,25.11,14.94,0.7824,0.1873,0.4762
0.13,0.07,0.43,0.37,94.99,2,21.27,27.59,23.59,25.28,14.94,0.7922,0.1873,0.4793
0.13,0.07,0.45,0.35,94.99,2,21.35,27.64,23.54,25.51,14.99,0.8024,0.1868,0.4828
0.13,0.07,0.47,0.33,95.0,2,21.38,27.77,23.51,25.64,15.0,0.8123,0.186,0.4862
0.13,0.07,0.49,0.31,95.0,2,21.44,27.9,23.51,25.82,15.0,0.8221,0.1847,0.4899
0.13,0.09,0.05,0.73,94.99,2,20.16,24.84,24.4,22.5,13.6,0.6201,0.1309,0.424
0.13,0.09,0.07,0.71,94.99,2,20.3,24.97,24.35,22.59,13.95,0.6286,0.1378,0.4269
0.13,0.09,0.09,0.69,94.99,2,20.36,25.24,24.35,22.78,13.95,0.6369,0.1443,0.4295
0.13,0.09,0.11,0.67,94.99,2,20.37,25.33,24.35,22.82,13.95,0.6458,0.1504,0.4313
0.13,0.09,0.13,0.65,94.99,2,20.44,25.59,24.35,22.96,14.0,0.6541,0.1561,0.434
0.13,0.09,0.15,0.63,94.99,2,20.53,25.99,24.35,23.18,14.05,0.6622,0.1614,0.4376
0.13,0.09,0.17,0.61,94.99,2,20.56,26.03,24.31,23.27,14.1,0.6712,0.1663,0.4396
0.13,0.09,0.19,0.59,94.99,2,20.67,26.38,24.22,23.54,14.25,0.6806,0.1708,0.4436
0.13,0.09,0.21,0.57,94.99,2,20.87,26.51,24.17,23.9,14.55,0.6901,0.1749,0.4478
0.13,0.09,0.23,0.55,94.99,2,20.98,26.77,24.22,24.13,14.6,0.6997,0.1786,0.4517
0.13,0.09,0.25,0.53,94.99,2,21.04,26.86,24.13,24.31,14.7,0.7096,0.1818,0.4546
0.13,0.09,0.27,0.51,94.99,2,21.09,26.9,24.08,24.44,14.75,0.7191,0.1847,0.4571
0.13,0.09,0.29,0.49,94.99,2,21.09,26.9,23.99,24.53,14.75,0.7285,0.1871,0.4591
0.13,0.09,0.31,0.47,94.99,2,21.06,27.12,23.9,24.53,14.75,0.7378,0.1892,0.4616
0.13,0.09,0.33,0.45,94.99,2,21.09,27.21,23.77,24.75,14.75,0.7471,0.1908,0.4643
0.13,0.09,0.35,0.43,94.99,2,21.21,27.21,23.81,25.06,14.75,0.7566,0.192,0.4677
0.13,0.09,0.37,0.41,94.99,2,21.21,27.29,23.63,25.11,14.89,0.7663,0.1928,0.4703
0.13,0.11,0.05,0.71,94.99,2,20.29,24.97,24.4,22.78,13.7,0.6223,0.1425,0.4245
0.13,0.11,0.07,0.69,95.0,2,20.38,25.07,24.36,22.87,13.9,0.6311,0.149,0.4269
0.13,0.11,0.09,0.67,94.99,2,20.47,25.28,24.35,23.0,14.05,0.6397,0.1552,0.4298
0.13,0.11,0.11,0.65,94.99,2,20.48,25.42,24.31,23.09,14.05,0.6483,0.161,0.4317
0.13,0.11,0.13,0.63,94.99,2,20.57,25.55,24.35,23.27,14.1,0.6566,0.1663,0.4344
0.13,0.11,0.15,0.61,94.99,2,20.59,26.03,24.17,23.54,14.05,0.6645,0.1713,0.4374
0.13,0.11,0.17,0.59,94.99,2,20.61,26.12,24.13,23.5,14.2,0.6733,0.1758,0.4395
0.13,0.11,0.19,0.57,94.99,2,20.7,26.38,24.08,23.72,14.3,0.6829,0.1799,0.4431
0.13,0.11,0.21,0.55,94.99,2,20.87,26.51,24.04,24.04,14.55,0.6924,0.1836,0.4471
0.13,0.11,0.23,0.53,94.99,2,21.0,26.77,24.04,24.35,14.6,0.702,0.1869,0.4511
0.13,0.11,0.25,0.51,94.99,2,21.08,26.86,24.04,24.44,14.75,0.7116,0.1898,0.4542
0.13,0.13,0.05,0.69,94.99,2,20.31,24.97,24.26,22.91,13.75,0.6246,0.1533,0.4236
0.13,0.13,0.07,0.67,94.99,2,20.4,25.11,24.22,23.09,13.9,0.6337,0.1595,0.4264
0.13,0.13,0.09,0.65,94.99,2,20.45,25.28,24.22,23.09,14.05,0.6422,0.1653,0.4288
0.13,0.13,0.11,0.63,94.99,2,20.51,25.46,24.26,23.23,14.05,0.6507,0.1707,0.4313
0.15,0.05,0.05,0.75,94.99,2,21.09,25.06,24.53,22.46,16.27,0.6257,0.1104,0.4384
0.15,0.05,0.07,0.73,94.99,2,21.13,25.24,24.44,22.68,16.27,0.6337,0.118,0.4404
0.15,0.05,0.09,0.71,94.99,2,21.1,25.33,24.44,22.59,16.27,0.6414,0.1251,0.4413
0.15,0.05,0.11,0.69,94.99,2,21.19,25.51,24.44,22.82,16.32,0.6496,0.1319,0.4438
0.15,0.05,0.13,0.67,94.99,2,21.25,25.94,24.44,23.0,16.32,0.6582,0.1382,0.4472
0.15,0.05,0.15,0.65,94.99,2,21.21,26.12,24.31,23.0,16.32,0.6673,0.1442,0.4487
0.15,0.05,0.17,0.63,94.99,2,21.32,26.29,24.26,23.27,16.42,0.6771,0.1497,0.452
0.15,0.05,0.19,0.61,94.99,2,21.5,26.47,24.31,23.59,16.61,0.6868,0.1548,0.4561
0.15,0.05,0.21,0.59,94.99,2,21.67,26.64,24.26,23.95,16.81,0.6961,0.1596,0.4601
0.15,0.05,0.23,0.57,94.99,2,21.75,26.82,24.31,24.04,16.91,0.7063,0.1639,0.4634
0.15,0.05,0.25,0.55,94.99,2,21.77,26.9,24.26,24.04,17.0,0.7158,0.1678,0.4656
0.15,0.05,0.27,0.53,94.99,2,21.75,26.9,24.22,24.04,17.0,0.7257,0.1713,0.4674
0.15,0.05,0.29,0.51,94.99,2,21.72,27.08,24.08,24.13,16.95,0.7351,0.1744,0.4696
0.15,0.05,0.31,0.49,94.99,2,21.77,27.08,24.04,24.26,17.0,0.7444,0.1771,0.472
0.15,0.05,0.33,0.47,94.99,2,21.88,27.08,23.86,24.49,17.29,0.7538,0.1794,0.4751
0.15,0.05,0.35,0.45,94.99,2,21.97,27.08,23.77,24.8,17.34,0.7631,0.1812,0.478
0.15,0.05,0.37,0.43,94.99,2,22.03,27.21,23.77,24.84,17.49,0.7723,0.1827,0.4812
0.15,0.05,0.39,0.41,94.99,2,22.05,27.34,23.77,24.84,17.53,0.7817,0.1837,0.484
0.15,0.05,0.41,0.39,94.99,2,22.09,27.51,23.77,24.97,17.53,0.7915,0.1844,0.4874
0.15,0.05,0.43,0.37,94.99,2,22.26,27.64,23.86,25.28,17.63,0.8017,0.1846,0.492
0.15,0.05,0.45,0.35,94.99,2,22.26,27.72,23.68,25.46,17.63,0.8119,0.1845,0.4949
0.15,0.05,0.47,0.33,94.99,2,22.36,27.9,23.63,25.64,17.82,0.8218,0.1839,0.4991
0.15,0.05,0.49,0.31,95.0,2,22.48,27.95,23.65,25.83,17.98,0.8319,0.1829,0.5032
0.15,0.05,0.51,0.29,94.99,2,22.5,27.98,23.54,25.99,17.97,0.8414,0.1815,0.506
0.15,0.05,0.53,0.27,94.99,2,22.44,28.02,23.41,26.03,17.87,0.8499,0.1798,0.508
0.15,0.05,0.55,0.25,94.99,2,22.43,27.9,23.18,26.25,17.87,0.8583,0.1776,0.5099
0.15,0.05,0.57,0.23,94.99,2,22.36,27.85,22.82,26.29,17.97,0.8662,0.1749,0.5114
0.15,0.05,0.59,0.21,94.99,2,22.96,27.72,22.82,26.43,19.63,0.8739,0.1719,0.5193
0.15,0.05,0.61,0.19,94.99,2,22.86,27.81,22.55,26.56,19.49,0.8813,0.1685,0.521
0.15,0.07,0.05,0.73,94.99,2,20.31,25.06,24.49,22.5,13.95,0.6276,0.1231,0.4293
0.15,0.07,0.07,0.71,94.99,2,20.34,25.24,24.4,22.68,13.95,0.6356,0.1303,0.4311
0.15,0.07,0.09,0.69,94.99,2,20.33,25.37,24.4,22.64,13.95,0.6439,0.1371,0.4325
0.15,0.07,0.11,0.67,94.99,2,20.4,25.51,24.4,22.82,14.0,0.6527,0.1435,0.435
0.15,0.07,0.13,0.65,94.99,2,20.47,25.99,24.4,23.0,14.0,0.6609,0.1495,0.4384
0.15,0.07,0.15,0.63,94.99,2,20.44,26.16,24.31,23.0,14.0,0.6698,0.1551,0.4401
0.15,0.07,0.17,0.61,94.99,2,20.59,26.38,24.26,23.36,14.15,0.6796,0.1603,0.4441
0.15,0.07,0.19,0.59,94.99,2,20.75,26.56,24.26,23.68,14.3,0.6888,0.1651,0.4478
0.15,0.07,0.21,0.57,94.99,2,20.9,26.69,24.22,23.99,14.5,0.6985,0.1694,0.4517
0.15,0.07,0.23,0.55,94.99,2,21.0,26.86,24.22,24.17,14.6,0.7084,0.1734,0.4551
0.15,0.07,0.25,0.53,94.99,2,21.0,26.99,24.17,24.17,14.65,0.718,0.1769,0.4574
0.15,0.07,0.27,0.51,94.99,2,21.06,27.03,24.13,24.26,14.79,0.7278,0.1801,0.4602
0.15,0.07,0.29,0.49,94.99,2,21.11,27.21,24.04,24.49,14.79,0.7371,0.1828,0.4631
0.15,0.07,0.31,0.47,95.0,2,21.12,27.13,23.96,24.67,14.75,0.7464,0.1852,0.465
0.15,0.07,0.33,0.45,94.99,2,21.2,27.25,23.86,24.84,14.89,0.756,0.1871,0.4683
0.15,0.07,0.35,0.43,94.99,2,21.26,27.25,23.9,25.02,14.84,0.7655,0.1886,0.471
0.15,0.07,0.37,0.41,94.99,2,21.26,27.47,23.81,25.06,14.89,0.7747,0.1897,0.4739
0.15,0.07,0.39,0.39,94.99,2,21.35,27.55,23.77,25.2,15.09,0.7846,0.1904,0.4775
0.15,0.07,0.41,0.37,94.99,2,21.34,27.72,23.63,25.33,15.04,0.7942,0.1907,0.4803
0.15,0.07,0.43,0.35,94.99,2,21.42,27.72,23.63,25.59,15.04,0.8042,0.1906,0.4837
0.15,0.07,0.45,0.33,95.0,2,21.47,27.82,23.55,25.82,15.05,0.8145,0.1901,0.4872
0.15,0.07,0.47,0.31,95.0,2,21.59,28.03,23.55,25.86,15.34,0.8241,0.1891,0.4916
0.15,0.07,0.49,0.29,95.0,2,21.66,28.04,23.47,26.18,15.35,0.8341,0.1878,0.4951
0.15,0.09,0.05,0.71,94.99,2,20.34,25.11,24.44,22.64,13.95,0.6297,0.1351,0.4285
0.15,0.09,0.07,0.69,94.99,2,20.39,25.33,24.35,22.87,13.95,0.6382,0.1419,0.4308
0.15,0.09,0.09,0.67,94.99,2,20.39,25.46,24.35,22.87,13.95,0.6469,0.1484,0.4325
0.15,0.09,0.11,0.65,94.99,2,20.48,25.59,24.35,23.09,14.0,0.6553,0.1544,0.435
0.15,0.09,0.13,0.63,94.99,2,20.59,26.08,24.4,23.27,14.1,0.6633,0.1601,0.439
0.15,0.09,0.15,0.61,94.99,2,20.61,26.25,24.31,23.36,14.15,0.6721,0.1653,0.4412
0.15,0.09,0.17,0.59,94.99,2,20.76,26.43,24.26,23.72,14.3,0.6816,0.1701,0.445
0.15,0.09,0.19,0.57,94.99,2,20.88,26.6,24.22,24.04,14.4,0.6911,0.1746,0.4485
0.15,0.09,0.21,0.55,94.99,2,21.01,26.82,24.17,24.31,14.55,0.7008,0.1786,0.4524
0.15,0.09,0.23,0.53,94.99,2,21.16,26.95,24.22,24.53,14.75,0.7108,0.1822,0.4563
0.15,0.09,0.25,0.51,94.99,2,21.12,26.99,24.13,24.49,14.75,0.7201,0.1854,0.4579
0.15,0.09,0.27,0.49,94.99,2,21.11,27.08,23.99,24.53,14.79,0.7298,0.1881,0.4601
0.15,0.09,0.29,0.47,94.99,2,21.18,27.29,24.04,24.71,14.79,0.7392,0.1905,0.4635
0.15,0.09,0.31,0.45,94.99,2,21.24,27.34,23.99,24.93,14.79,0.7487,0.1925,0.4664
0.15,0.09,0.33,0.43,94.99,2,21.29,27.38,23.86,25.11,14.89,0.7584,0.1941,0.4692
0.15,0.09,0.35,0.41,94.99,2,21.3,27.38,23.81,25.24,14.84,0.7679,0.1952,0.4715
0.15,0.09,0.37,0.39,94.99,2,21.33,27.55,23.68,25.33,14.99,0.7774,0.196,0.4747
0.15,0.11,0.05,0.69,94.99,2,20.47,25.2,24.44,22.91,14.05,0.6321,0.1463,0.4289
0.15,0.11,0.07,0.67,94.99,2,20.5,25.42,24.35,23.09,14.05,0.641,0.1528,0.4313
0.15,0.11,0.09,0.65,94.99,2,20.54,25.51,24.35,23.18,14.1,0.6494,0.1589,0.4332
0.15,0.11,0.11,0.63,94.99,2,20.62,25.68,24.4,23.36,14.1,0.6577,0.1646,0.4358
0.15,0.11,0.13,0.61,94.99,2,20.63,26.08,24.26,23.54,14.1,0.6656,0.1699,0.4385
0.15,0.11,0.15,0.59,94.99,2,20.67,26.25,24.17,23.63,14.2,0.6744,0.1748,0.4409
0.15,0.11,0.17,0.57,94.99,2,20.76,26.47,24.08,23.9,14.3,0.6839,0.1792,0.4444
0.15,0.11,0.19,0.55,94.99,2,20.9,26.64,24.13,24.17,14.4,0.6934,0.1833,0.4481
0.15,0.11,0.21,0.53,94.99,2,20.99,26.82,24.04,24.4,14.55,0.7031,0.187,0.4515
0.15,0.11,0.23,0.51,94.99,2,21.13,26.99,24.13,24.62,14.65,0.713,0.1902,0.4555
0.15,0.13,0.05,0.67,94.99,2,20.5,25.2,24.31,23.09,14.1,0.6346,0.1568,0.4283
0.15,0.13,0.07,0.65,94.99,2,20.51,25.42,24.26,23.18,14.1,0.6435,0.163,0.4305
0.15,0.13,0.09,0.63,94.99,2,20.57,25.59,24.26,23.36,14.1,0.6519,0.1687,0.433
0.15,0.13,0.11,0.61,94.99,2,20.59,25.81,24.26,23.41,14.1,0.66,0.1741,0.4351
0.17,0.05,0.05,0.73,94.99,2,21.79,25.51,24.57,22.73,18.06,0.6351,0.1149,0.4487
0.17,0.05,0.07,0.71,94.99,2,21.21,25.42,24.49,22.82,16.32,0.6426,0.1224,0.4433
0.17,0.05,0.09,0.69,94.99,2,21.21,25.64,24.44,22.87,16.32,0.6506,0.1295,0.445
0.17,0.05,0.11,0.67,94.99,2,21.27,25.99,24.44,23.05,16.32,0.6593,0.1362,0.4481
0.17,0.05,0.13,0.65,94.99,2,21.32,26.08,24.44,23.14,16.37,0.6684,0.1425,0.4502
0.17,0.05,0.15,0.63,94.99,2,21.38,26.34,24.31,23.41,16.42,0.6782,0.1484,0.4533
0.17,0.05,0.17,0.61,94.99,2,21.53,26.6,24.31,23.68,16.61,0.688,0.1539,0.4573
0.17,0.05,0.19,0.59,95.0,2,21.63,26.7,24.32,23.96,16.62,0.6972,0.1589,0.4603
0.17,0.05,0.21,0.57,94.99,2,21.75,26.82,24.26,24.17,16.81,0.7074,0.1636,0.4637
0.17,0.05,0.23,0.55,94.99,2,21.94,26.9,24.31,24.26,17.24,0.7168,0.1679,0.4676
0.17,0.05,0.25,0.53,94.99,2,21.94,27.08,24.26,24.22,17.34,0.7267,0.1717,0.4701
0.17,0.05,0.27,0.51,94.99,2,21.96,27.16,24.22,24.26,17.39,0.7365,0.1751,0.4725
0.17,0.05,0.29,0.49,94.99,2,21.97,27.12,24.08,24.35,17.49,0.7459,0.1782,0.4744
0.17,0.05,0.31,0.47,94.99,2,22.03,27.12,24.04,24.57,17.49,0.7554,0.1808,0.477
0.17,0.05,0.33,0.45,94.99,2,22.06,27.12,23.99,24.75,17.44,0.7648,0.183,0.4793
0.17,0.05,0.35,0.43,94.99,2,22.11,27.34,23.86,24.89,17.58,0.7743,0.1848,0.4826
0.17,0.05,0.37,0.41,94.99,2,22.24,27.51,23.9,24.89,17.92,0.7836,0.1862,0.4866
0.17,0.05,0.39,0.39,94.99,2,22.31,27.59,23.86,25.06,18.01,0.7935,0.1872,0.49
0.17,0.05,0.41,0.37,95.0,2,22.42,27.77,23.87,25.38,18.02,0.8037,0.1878,0.4942
0.17,0.05,0.43,0.35,94.99,2,22.48,27.98,23.81,25.55,18.06,0.8139,0.188,0.498
0.17,0.05,0.45,0.33,94.99,2,22.56,27.98,23.68,25.94,18.06,0.8238,0.1877,0.5013
0.17,0.05,0.47,0.31,95.0,2,23.14,28.0,23.65,26.0,19.78,0.834,0.1871,0.5099
0.17,0.05,0.49,0.29,94.99,2,23.17,28.07,23.68,26.12,19.72,0.8434,0.186,0.5129
0.17,0.05,0.51,0.27,94.99,2,23.14,28.15,23.59,26.21,19.63,0.852,0.1846,0.5153
0.17,0.05,0.53,0.25,94.99,2,23.56,28.07,23.36,26.34,20.98,0.8602,0.1827,0.5215
0.17,0.05,0.55,0.23,94.99,2,23.55,28.07,23.14,26.43,21.08,0.868,0.1805,0.5236
0.17,0.05,0.57,0.21,94.99,2,23.48,28.02,22.96,26.51,20.98,0.8754,0.1778,0.5251
0.17,0.05,0.59,0.19,94.99,2,23.42,28.11,22.78,26.6,20.89,0.883,0.1747,0.5272
0.17,0.07,0.05,0.71,94.99,2,21.05,25.51,24.53,22.73,15.88,0.6371,0.1273,0.4399
0.17,0.07,0.07,0.69,94.99,2,20.4,25.42,24.44,22.78,14.0,0.645,0.1345,0.4341
0.17,0.07,0.09,0.67,94.99,2,20.44,25.73,24.4,22.91,14.0,0.6536,0.1412,0.4366
0.17,0.07,0.11,0.65,94.99,2,20.47,26.08,24.4,23.0,14.0,0.662,0.1475,0.4393
0.17,0.07,0.13,0.63,94.99,2,20.51,26.12,24.4,23.09,14.05,0.6709,0.1535,0.4412
0.17,0.07,0.15,0.61,94.99,2,20.68,26.38,24.31,23.59,14.15,0.6807,0.159,0.4455
0.17,0.07,0.17,0.59,94.99,2,20.81,26.64,24.26,23.86,14.3,0.69,0.1641,0.4492
0.17,0.07,0.19,0.57,94.99,2,20.87,26.73,24.26,24.04,14.3,0.6995,0.1688,0.4518
0.17,0.07,0.21,0.55,94.99,2,20.99,26.9,24.22,24.26,14.5,0.7096,0.1731,0.4555
0.17,0.07,0.23,0.53,94.99,2,21.09,26.99,24.22,24.4,14.65,0.7191,0.177,0.4586
0.17,0.07,0.25,0.51,94.99,2,21.18,27.21,24.17,24.53,14.84,0.729,0.1805,0.4622
0.17,0.07,0.27,0.49,94.99,2,21.18,27.25,24.13,24.57,14.84,0.7386,0.1836,0.4643
0.17,0.07,0.29,0.47,94.99,2,21.21,27.21,23.99,24.75,14.89,0.748,0.1862,0.4664
0.17,0.07,0.31,0.45,94.99,2,21.29,27.21,23.95,24.97,14.94,0.7578,0.1885,0.4693
0.17,0.07,0.33,0.43,94.99,2,21.35,27.29,24.04,25.06,14.94,0.7673,0.1904,0.4723
0.17,0.07,0.35,0.41,94.99,2,21.37,27.59,23.9,25.15,15.04,0.7766,0.1918,0.4756
0.17,0.07,0.37,0.39,94.99,2,21.49,27.72,23.9,25.24,15.34,0.7864,0.1929,0.4797
0.17,0.07,0.39,0.37,94.99,2,21.51,27.85,23.77,25.42,15.34,0.7961,0.1935,0.4826
0.17,0.07,0.41,0.35,94.99,2,21.6,27.9,23.63,25.73,15.44,0.8062,0.1937,0.4861
0.17,0.07,0.43,0.33,95.0,2,21.66,27.99,23.64,25.91,15.44,0.8165,0.1935,0.4897
0.17,0.07,0.45,0.31,95.0,2,21.72,28.12,23.64,26.04,15.49,0.8261,0.193,0.4932
0.17,0.07,0.47,0.29,94.99,2,21.79,28.07,23.54,26.34,15.49,0.8362,0.192,0.4964
0.17,0.09,0.05,0.69,94.99,2,21.09,25.55,24.49,22.91,15.88,0.6396,0.1389,0.4394
0.17,0.09,0.07,0.67,94.99,2,20.5,25.55,24.4,23.0,14.1,0.648,0.1457,0.4345
0.17,0.09,0.09,0.65,94.99,2,20.5,25.9,24.35,23.14,14.0,0.6562,0.1521,0.4369
0.17,0.09,0.11,0.63,94.99,2,20.59,26.12,24.35,23.32,14.1,0.6645,0.1581,0.4397
0.17,0.09,0.13,0.61,94.99,2,20.71,26.25,24.4,23.5,14.25,0.6732,0.1637,0.4428
0.17,0.09,0.15,0.59,94.99,2,20.84,26.43,24.31,23.9,14.3,0.6828,0.1688,0.4462
0.17,0.09,0.17,0.57,94.99,2,20.9,26.73,24.22,24.08,14.4,0.6921,0.1736,0.4495
0.17,0.09,0.19,0.55,94.99,2,20.99,26.86,24.22,24.35,14.4,0.7019,0.178,0.4527
0.17,0.09,0.21,0.53,94.99,2,21.16,26.95,24.17,24.66,14.65,0.7119,0.1819,0.4566
0.17,0.09,0.23,0.51,94.99,2,21.24,27.12,24.22,24.75,14.75,0.7214,0.1854,0.4598
0.17,0.09,0.25,0.49,94.99,2,21.26,27.25,24.17,24.75,14.84,0.7308,0.1886,0.4624
0.17,0.09,0.27,0.47,94.99,2,21.23,27.34,24.08,24.75,14.84,0.7406,0.1913,0.4644
0.17,0.09,0.29,0.45,94.99,2,21.27,27.42,24.04,24.89,14.89,0.7503,0.1936,0.4673
0.17,0.09,0.31,0.43,94.99,2,21.36,27.42,24.04,25.11,14.94,0.7601,0.1955,0.4703
0.17,0.09,0.33,0.41,94.99,2,21.36,27.42,23.95,25.2,14.94,0.7697,0.197,0.4725
0.17,0.09,0.35,0.39,94.99,2,21.38,27.68,23.81,25.28,15.04,0.7793,0.1981,0.4758
0.17,0.11,0.05,0.67,94.99,2,21.2,25.59,24.49,23.14,15.98,0.6423,0.1498,0.4397
0.17,0.11,0.07,0.65,94.99,2,20.62,25.59,24.4,23.27,14.2,0.6504,0.1563,0.435
0.17,0.11,0.09,0.63,94.99,2,20.71,25.99,24.4,23.5,14.25,0.6587,0.1623,0.4384
0.17,0.11,0.11,0.61,94.99,2,20.68,26.12,24.4,23.54,14.1,0.6667,0.1679,0.4397
0.17,0.11,0.13,0.59,94.99,2,20.76,26.29,24.26,23.77,14.25,0.6755,0.1732,0.4425
0.17,0.11,0.15,0.57,94.99,2,20.84,26.51,24.17,24.04,14.3,0.685,0.178,0.4457
0.17,0.11,0.17,0.55,94.99,2,20.91,26.69,24.17,24.17,14.4,0.6945,0.1824,0.4488
0.17,0.11,0.19,0.53,94.99,2,20.96,26.9,24.17,24.31,14.4,0.7042,0.1864,0.4518
0.17,0.11,0.21,0.51,94.99,2,21.15,26.99,24.08,24.71,14.65,0.7142,0.1899,0.456
0.17,0.11,0.23,0.49,94.99,2,21.22,27.34,24.13,24.8,14.75,0.7233,0.1931,0.4598
0.17,0.13,0.05,0.65,94.99,2,21.22,25.55,24.4,23.27,15.98,0.6449,0.16,0.4388
0.17,0.13,0.07,0.63,95.0,2,20.63,25.64,24.31,23.37,14.2,0.653,0.1661,0.4344
0.17,0.13,0.09,0.61,94.99,2,20.65,25.99,24.26,23.45,14.25,0.6609,0.1718,0.437
0.19,0.05,0.05,0.71,94.99,2,21.93,25.64,24.57,22.96,18.25,0.6438,0.1192,0.4521
0.19,0.05,0.07,0.69,94.99,2,21.33,25.86,24.49,23.05,16.47,0.6515,0.1266,0.4477
0.19,0.05,0.09,0.67,94.99,2,21.33,26.08,24.49,23.09,16.42,0.6604,0.1336,0.4496
0.19,0.05,0.11,0.65,94.99,2,21.48,26.16,24.44,23.27,16.71,0.6696,0.1403,0.4527
0.19,0.05,0.13,0.63,95.0,2,21.63,26.34,24.4,23.64,16.86,0.6794,0.1465,0.4564
0.19,0.05,0.15,0.61,94.99,2,21.72,26.6,24.35,23.77,17.05,0.6891,0.1523,0.4598
0.19,0.05,0.17,0.59,95.0,2,21.77,26.75,24.37,23.97,16.97,0.6985,0.1577,0.4623
0.19,0.05,0.19,0.57,94.99,2,21.86,26.82,24.35,24.26,16.95,0.7082,0.1627,0.4651
0.19,0.05,0.21,0.55,94.99,2,21.98,26.99,24.35,24.31,17.29,0.718,0.1673,0.4687
0.19,0.05,0.23,0.53,94.99,2,22.0,27.08,24.31,24.31,17.39,0.7278,0.1715,0.471
0.19,0.05,0.25,0.51,94.99,2,22.05,27.25,24.31,24.44,17.39,0.7378,0.1753,0.474
0.19,0.05,0.27,0.49,95.0,2,22.14,27.21,24.22,24.4,17.78,0.7473,0.1786,0.4766
0.19,0.05,0.29,0.47,94.99,2,22.19,27.12,24.13,24.57,17.87,0.757,0.1816,0.4788
0.19,0.05,0.31,0.45,94.99,2,22.22,27.25,24.04,24.8,17.82,0.7666,0.1842,0.4816
0.19,0.05,0.33,0.43,94.99,2,22.28,27.34,24.08,24.89,17.87,0.776,0.1863,0.4845
0.19,0.05,0.35,0.41,94.99,2,22.91,27.55,24.04,25.11,19.58,0.7855,0.188,0.4937
0.19,0.05,0.37,0.39,94.99,2,22.96,27.77,23.95,25.2,19.72,0.7954,0.1894,0.4972
0.19,0.05,0.39,0.37,94.99,2,23.12,27.9,23.95,25.59,19.82,0.8056,0.1903,0.5017
0.19,0.05,0.41,0.35,94.99,2,23.21,28.07,23.99,25.86,19.77,0.8158,0.1908,0.5056
0.19,0.05,0.43,0.33,94.99,2,23.7,28.07,23.95,26.03,21.12,0.8258,0.1909,0.5131
0.19,0.05,0.45,0.31,95.0,2,23.7,28.08,23.83,26.13,21.13,0.8359,0.1906,0.5156
0.19,0.05,0.47,0.29,94.99,2,23.71,28.19,23.77,26.25,21.12,0.8453,0.1899,0.5187
0.19,0.05,0.49,0.27,94.99,2,23.7,28.24,23.72,26.29,21.08,0.854,0.1888,0.521
0.19,0.05,0.51,0.25,94.99,2,23.65,28.24,23.59,26.38,20.98,0.862,0.1873,0.5228
0.19,0.05,0.53,0.23,94.99,2,23.62,28.19,23.32,26.47,21.08,0.8697,0.1854,0.5245
0.19,0.05,0.55,0.21,94.99,2,23.58,28.28,23.09,26.56,21.08,0.877,0.1831,0.5265
0.19,0.05,0.57,0.19,94.99,2,23.59,28.32,23.0,26.69,21.08,0.8846,0.1803,0.5291
0.19,0.07,0.05,0.69,94.99,2,21.16,25.68,24.53,22.96,15.98,0.6462,0.1312,0.4433
0.19,0.07,0.07,0.67,94.99,2,20.56,25.94,24.44,23.09,14.15,0.6546,0.1383,0.4393
0.19,0.07,0.09,0.65,94.99,2,20.57,26.21,24.44,23.18,14.1,0.6632,0.145,0.4415
0.19,0.07,0.11,0.63,94.99,2,21.43,26.25,24.4,23.32,16.56,0.6721,0.1512,0.4515
0.19,0.07,0.13,0.61,94.99,2,21.59,26.43,24.4,23.77,16.61,0.6819,0.1571,0.4553
0.19,0.07,0.15,0.59,94.99,2,21.64,26.64,24.31,23.9,16.71,0.6912,0.1626,0.4581
0.19,0.07,0.17,0.57,94.99,2,21.65,26.77,24.26,24.08,16.61,0.7006,0.1676,0.4602
0.19,0.07,0.19,0.55,94.99,2,21.79,26.9,24.26,24.35,16.76,0.7107,0.1722,0.4639
0.19,0.07,0.21,0.53,94.99,2,21.89,27.08,24.17,24.53,16.95,0.7204,0.1765,0.4673
0.19,0.07,0.23,0.51,94.99,2,21.99,27.21,24.17,24.66,17.15,0.7301,0.1803,0.4707
0.19,0.07,0.25,0.49,94.99,2,22.02,27.29,24.17,24.75,17.15,0.7399,0.1837,0.4732
0.19,0.07,0.27,0.47,94.99,2,22.15,27.34,24.13,24.8,17.53,0.7495,0.1867,0.4766
0.19,0.07,0.29,0.45,94.99,2,22.23,27.21,24.04,25.06,17.58,0.7594,0.1893,0.479
0.19,0.07,0.31,0.43,94.99,2,22.29,27.38,24.04,25.15,17.68,0.7689,0.1915,0.4822
0.19,0.07,0.33,0.41,94.99,2,22.33,27.59,24.08,25.24,17.68,0.7785,0.1933,0.4856
0.19,0.07,0.35,0.39,94.99,2,22.38,27.85,24.04,25.28,17.82,0.7884,0.1947,0.4892
0.19,0.07,0.37,0.37,94.99,2,22.39,27.94,23.99,25.46,17.73,0.798,0.1957,0.4919
0.19,0.07,0.39,0.35,95.0,2,22.41,27.99,23.73,25.73,17.78,0.808,0.1963,0.4947
0.19,0.07,0.41,0.33,95.0,2,22.48,28.17,23.69,25.96,17.78,0.8183,0.1964,0.4985
0.19,0.07,0.43,0.31,95.0,2,22.53,28.16,23.69,26.13,17.78,0.8281,0.1962,0.5015
0.19,0.07,0.45,0.29,94.99,2,22.63,28.15,23.63,26.47,17.77,0.838,0.1955,0.505
0.19,0.07,0.47,0.27,94.99,2,22.56,28.37,23.45,26.51,17.73,0.8473,0.1945,0.5076
0.19,0.09,0.05,0.67,94.99,2,21.19,25.81,24.49,23.09,15.98,0.649,0.1425,0.4431
0.19,0.09,0.07,0.65,94.99,2,20.62,26.08,24.4,23.23,14.25,0.6571,0.1492,0.4394
0.19,0.09,0.09,0.63,94.99,2,20.7,26.25,24.4,23.5,14.2,0.6656,0.1555,0.4419
0.19,0.09,0.11,0.61,94.99,2,20.79,26.29,24.4,23.59,14.4,0.6744,0.1615,0.4443
0.19,0.09,0.13,0.59,94.99,2,20.96,26.56,24.4,24.04,14.45,0.684,0.167,0.4485
0.19,0.09,0.15,0.57,94.99,2,20.98,26.73,24.31,24.13,14.5,0.6933,0.1721,0.4508
0.19,0.09,0.17,0.55,94.99,2,20.99,26.9,24.22,24.35,14.4,0.7031,0.1767,0.4533
0.19,0.09,0.19,0.53,94.99,2,21.16,26.95,24.22,24.66,14.6,0.713,0.181,0.457
0.19,0.09,0.21,0.51,94.99,2,21.22,27.12,24.17,24.8,14.7,0.7227,0.1849,0.4601
0.19,0.09,0.23,0.49,94.99,2,21.3,27.21,24.17,24.89,14.84,0.732,0.1884,0.463
0.19,0.09,0.25,0.47,94.99,2,21.33,27.38,24.17,24.93,14.89,0.742,0.1914,0.4659
0.19,0.09,0.27,0.45,94.99,2,21.33,27.42,24.08,24.97,14.94,0.752,0.1941,0.4682
0.19,0.09,0.29,0.43,94.99,2,21.41,27.42,24.04,25.11,15.09,0.7617,0.1964,0.4711
0.19,0.09,0.31,0.41,94.99,2,21.47,27.55,24.04,25.28,15.09,0.7715,0.1982,0.4743
0.19,0.09,0.33,0.39,94.99,2,21.44,27.77,23.95,25.33,15.04,0.7813,0.1996,0.477
0.19,0.11,0.05,0.65,94.99,2,21.34,25.86,24.49,23.45,16.08,0.6515,0.153,0.4438
0.19,0.11,0.07,0.63,94.99,2,20.73,26.08,24.4,23.54,14.25,0.6596,0.1594,0.4396
0.19,0.11,0.09,0.61,94.99,2,20.79,26.25,24.44,23.68,14.25,0.6678,0.1654,0.4419
0.19,0.11,0.11,0.59,94.99,2,20.84,26.34,24.26,23.86,14.4,0.6767,0.1709,0.4441
0.19,0.11,0.13,0.57,94.99,2,20.95,26.51,24.26,24.13,14.45,0.6861,0.1761,0.4474
0.19,0.11,0.15,0.55,94.99,2,20.98,26.73,24.22,24.22,14.5,0.6956,0.1808,0.4501
0.19,0.11,0.17,0.53,94.99,2,21.01,26.9,24.17,24.4,14.45,0.7054,0.1852,0.4528
0.19,0.11,0.19,0.51,94.99,2,21.19,26.95,24.22,24.75,14.6,0.7153,0.1891,0.4567
0.19,0.11,0.21,0.49,94.99,2,21.25,27.25,24.17,24.89,14.7,0.7246,0.1926,0.4601
0.19,0.13,0.05,0.63,94.99,2,21.32,25.86,24.4,23.5,16.08,0.6542,0.1629,0.4429
0.19,0.13,0.07,0.61,94.99,2,20.68,26.16,24.31,23.5,14.25,0.6618,0.1689,0.4385
0.19,0.13,0.09,0.59,95.0,2,20.74,26.3,24.27,23.69,14.25,0.6701,0.1745,0.4407
0.21,0.05,0.05,0.69,94.99,2,22.16,25.99,24.66,23.18,18.64,0.6525,0.1231,0.4572
0.21,0.05,0.07,0.67,94.99,2,21.58,26.25,24.62,23.32,16.81,0.6615,0.1304,0.4535
0.21,0.05,0.09,0.65,94.99,2,21.61,26.25,24.57,23.41,16.86,0.6709,0.1374,0.4551
0.21,0.05,0.11,0.63,94.99,2,21.72,26.47,24.49,23.72,16.95,0.6806,0.144,0.4584
0.21,0.05,0.13,0.61,94.99,2,21.8,26.64,24.49,23.86,17.05,0.6903,0.1501,0.4613
0.21,0.05,0.15,0.59,95.0,2,21.82,26.83,24.45,24.01,17.01,0.6996,0.1559,0.4637
0.21,0.05,0.17,0.57,94.99,2,21.95,26.9,24.4,24.17,17.29,0.7093,0.1612,0.4668
0.21,0.05,0.19,0.55,94.99,2,22.12,27.03,24.4,24.4,17.58,0.7192,0.1662,0.4707
0.21,0.05,0.21,0.53,94.99,2,22.19,27.16,24.4,24.44,17.73,0.729,0.1707,0.4736
0.21,0.05,0.23,0.51,94.99,2,22.77,27.25,24.4,24.49,19.44,0.7389,0.1748,0.4816
0.21,0.05,0.25,0.49,94.99,2,22.87,27.29,24.35,24.71,19.54,0.7488,0.1785,0.4846
0.21,0.05,0.27,0.47,94.99,2,22.87,27.25,24.31,24.71,19.58,0.7583,0.1818,0.4863
0.21,0.05,0.29,0.45,94.99,2,22.9,27.29,24.22,24.8,19.68,0.7685,0.1847,0.4889
0.21,0.05,0.31,0.43,94.99,2,22.98,27.51,24.22,25.11,19.63,0.7778,0.1872,0.4925
0.21,0.05,0.33,0.41,94.99,2,23.56,27.77,24.26,25.33,21.08,0.7875,0.1893,0.5012
0.21,0.05,0.35,0.39,94.99,2,23.65,27.94,24.26,25.46,21.22,0.7972,0.191,0.5049
0.21,0.05,0.37,0.37,94.99,2,23.7,28.15,24.22,25.68,21.22,0.8075,0.1922,0.5086
0.21,0.05,0.39,0.35,94.99,2,23.75,28.19,24.17,25.9,21.17,0.8178,0.1931,0.5116
0.21,0.05,0.41,0.33,94.99,2,23.82,28.28,24.13,26.16,21.17,0.8279,0.1935,0.5151
0.21,0.05,0.43,0.31,95.0,2,23.78,28.2,24.04,26.17,21.13,0.8378,0.1936,0.5169
0.21,0.05,0.45,0.29,95.0,2,23.83,28.29,24.04,26.26,21.18,0.8472,0.1932,0.5201
0.21,0.05,0.47,0.27,94.99,2,23.77,28.32,23.86,26.38,21.08,0.8557,0.1925,0.5219
0.21,0.05,0.49,0.25,94.99,2,23.71,28.41,23.72,26.38,21.03,0.8637,0.1913,0.5238
0.21,0.05,0.51,0.23,94.99,2,23.71,28.32,23.54,26.51,21.08,0.8713,0.1897,0.5256
0.21,0.05,0.53,0.21,94.99,2,23.66,28.41,23.27,26.64,21.08,0.8787,0.1877,0.5276
0.21,0.05,0.55,0.19,94.99,2,23.63,28.54,23.09,26.73,21.08,0.8861,0.1853,0.5299
0.21,0.07,0.05,0.67,94.99,2,22.02,26.12,24.57,23.18,18.3,0.6555,0.1348,0.4553
0.21,0.07,0.07,0.65,94.99,2,21.45,26.29,24.49,23.41,16.47,0.6643,0.1418,0.4514
0.21,0.07,0.09,0.63,94.99,2,21.52,26.34,24.44,23.54,16.56,0.6733,0.1484,0.4534
0.21,0.07,0.11,0.61,94.99,2,21.62,26.56,24.35,23.86,16.66,0.6829,0.1546,0.4567
0.21,0.07,0.13,0.59,94.99,2,21.73,26.77,24.4,24.08,16.71,0.6923,0.1604,0.46
0.21,0.07,0.15,0.57,94.99,2,21.71,26.86,24.31,24.17,16.66,0.7018,0.1658,0.4617
0.21,0.07,0.17,0.55,94.99,2,21.87,27.03,24.26,24.4,16.95,0.7118,0.1708,0.4657
0.21,0.07,0.19,0.53,95.0,2,22.14,27.17,24.27,24.71,17.44,0.7216,0.1753,0.4706
0.21,0.07,0.21,0.51,94.99,2,22.15,27.25,24.22,24.8,17.44,0.7313,0.1795,0.4728
0.21,0.07,0.23,0.49,94.99,2,22.18,27.34,24.22,24.8,17.53,0.741,0.1833,0.4753
0.21,0.07,0.25,0.47,94.99,2,22.29,27.38,24.17,25.02,17.68,0.7511,0.1866,0.4785
0.21,0.07,0.27,0.45,94.99,2,22.32,27.34,24.17,25.06,17.73,0.7609,0.1896,0.4807
0.21,0.07,0.29,0.43,94.99,2,22.35,27.51,24.13,25.15,17.77,0.7708,0.1921,0.4837
0.21,0.07,0.31,0.41,94.99,2,22.37,27.59,24.08,25.24,17.77,0.7804,0.1942,0.4862
0.21,0.07,0.33,0.39,94.99,2,22.42,28.07,24.17,25.37,17.73,0.7902,0.196,0.4906
0.21,0.07,0.35,0.37,94.99,2,22.49,28.19,24.13,25.51,17.82,0.7997,0.1973,0.4939
0.21,0.07,0.37,0.35,94.99,2,22.55,28.28,23.9,25.77,17.97,0.8099,0.1982,0.4972
0.21,0.07,0.39,0.33,94.99,2,22.65,28.28,23.81,26.03,18.11,0.8201,0.1987,0.5007
0.21,0.07,0.41,0.31,95.0,2,22.69,28.38,23.69,26.26,18.12,0.8301,0.1988,0.504
0.21,0.07,0.43,0.29,94.99,2,22.75,28.28,23.68,26.47,18.11,0.8398,0.1985,0.5067
0.21,0.07,0.45,0.27,94.99,2,22.75,28.41,23.59,26.56,18.11,0.8492,0.1978,0.5096
0.21,0.09,0.05,0.65,94.99,2,21.37,26.16,24.53,23.45,16.13,0.6582,0.1457,0.448
0.21,0.09,0.07,0.63,94.99,2,20.82,26.38,24.44,23.77,14.25,0.6667,0.1524,0.4444
0.21,0.09,0.09,0.61,94.99,2,20.87,26.38,24.44,23.77,14.4,0.6755,0.1586,0.4461
0.21,0.09,0.11,0.59,94.99,2,21.01,26.64,24.4,24.13,14.5,0.6852,0.1645,0.4499
0.21,0.09,0.13,0.57,94.99,2,21.07,26.9,24.4,24.31,14.5,0.6945,0.1699,0.453
0.21,0.09,0.15,0.55,94.99,2,21.08,26.95,24.26,24.44,14.55,0.7041,0.1749,0.4549
0.21,0.09,0.17,0.53,94.99,2,21.14,27.08,24.22,24.66,14.55,0.7141,0.1796,0.4578
0.21,0.09,0.19,0.51,94.99,2,21.25,27.16,24.22,24.84,14.7,0.7239,0.1838,0.461
0.21,0.09,0.21,0.49,94.99,2,21.31,27.29,24.22,24.93,14.79,0.7333,0.1876,0.4638
0.21,0.09,0.23,0.47,94.99,2,21.33,27.42,24.17,24.93,14.89,0.7433,0.191,0.4665
0.21,0.09,0.25,0.45,94.99,2,21.44,27.51,24.17,25.15,14.99,0.7535,0.194,0.47
0.21,0.09,0.27,0.43,94.99,2,21.5,27.55,24.17,25.2,15.14,0.7632,0.1966,0.4728
0.21,0.09,0.29,0.41,94.99,2,21.52,27.59,24.08,25.33,15.14,0.7733,0.1988,0.4753
0.21,0.09,0.31,0.39,94.99,2,21.59,27.72,23.99,25.37,15.39,0.783,0.2005,0.4786
0.21,0.09,0.33,0.37,94.99,2,21.7,28.11,24.04,25.73,15.34,0.7926,0.2019,0.4833
0.21,0.11,0.05,0.63,94.99,2,21.45,26.21,24.53,23.68,16.13,0.6607,0.1559,0.448
0.21,0.11,0.07,0.61,94.99,2,20.89,26.38,24.49,23.95,14.25,0.669,0.1622,0.4442
0.21,0.11,0.09,0.59,94.99,2,20.94,26.43,24.35,24.08,14.4,0.6778,0.1681,0.4462
0.21,0.11,0.11,0.57,94.99,2,21.04,26.64,24.26,24.35,14.5,0.6872,0.1736,0.4494
0.21,0.11,0.13,0.55,94.99,2,21.07,26.95,24.31,24.4,14.5,0.6967,0.1787,0.4524
0.21,0.11,0.15,0.53,94.99,2,21.13,26.99,24.22,24.62,14.55,0.7066,0.1834,0.4549
0.21,0.11,0.17,0.51,94.99,2,21.17,27.12,24.22,24.71,14.6,0.7164,0.1876,0.4576
0.21,0.11,0.19,0.49,94.99,2,21.28,27.34,24.22,24.93,14.7,0.726,0.1915,0.4613
0.21,0.11,0.21,0.47,94.99,2,21.34,27.59,24.22,25.02,14.79,0.7356,0.1949,0.4647
0.21,0.13,0.05,0.61,94.99,2,21.4,26.29,24.44,23.63,16.13,0.6629,0.1654,0.447
0.21,0.13,0.07,0.59,94.99,2,20.84,26.43,24.35,23.86,14.3,0.6712,0.1713,0.4429
0.23,0.05,0.05,0.67,94.99,2,22.28,26.34,24.75,23.45,18.64,0.6626,0.1266,0.4616
0.23,0.05,0.07,0.65,94.99,2,21.83,26.43,24.66,23.59,17.24,0.6721,0.134,0.4587
0.23,0.05,0.09,0.63,94.99,2,21.85,26.6,24.57,23.72,17.24,0.6818,0.1409,0.4609
0.23,0.05,0.11,0.61,94.99,2,21.96,26.77,24.53,23.95,17.39,0.6915,0.1474,0.464
0.23,0.05,0.13,0.59,94.99,2,22.6,26.86,24.49,24.22,19.11,0.7008,0.1534,0.4722
0.23,0.05,0.15,0.57,94.99,2,22.65,26.9,24.44,24.44,19.06,0.7104,0.1591,0.4744
0.23,0.05,0.17,0.55,94.99,2,22.71,27.03,24.44,24.53,19.16,0.7203,0.1644,0.4771
0.23,0.05,0.19,0.53,94.99,2,22.8,27.38,24.49,24.57,19.35,0.7301,0.1693,0.481
0.23,0.05,0.21,0.51,94.99,2,22.89,27.51,24.53,24.71,19.44,0.74,0.1737,0.4842
0.23,0.05,0.23,0.49,94.99,2,23.41,27.47,24.49,24.84,20.89,0.7501,0.1778,0.491
0.23,0.05,0.25,0.47,94.99,2,23.48,27.51,24.44,24.97,21.03,0.7598,0.1814,0.4938
0.23,0.05,0.27,0.45,94.99,2,23.48,27.51,24.44,24.97,21.03,0.7701,0.1847,0.4959
0.23,0.05,0.29,0.43,94.99,2,23.51,27.68,24.35,25.11,21.08,0.7799,0.1875,0.4989
0.23,0.05,0.31,0.41,94.99,2,23.6,27.77,24.35,25.28,21.17,0.7894,0.1899,0.5021
0.23,0.05,0.33,0.39,94.99,2,23.73,28.02,24.44,25.59,21.17,0.7991,0.1919,0.5064
0.23,0.05,0.35,0.37,94.99,2,23.84,28.24,24.44,25.77,21.31,0.8094,0.1935,0.5105
0.23,0.05,0.37,0.35,94.99,2,23.79,28.28,24.26,25.86,21.26,0.8195,0.1947,0.5126
0.23,0.05,0.39,0.33,94.99,2,23.88,28.41,24.22,26.16,21.26,0.8296,0.1955,0.5163
0.23,0.05,0.41,0.31,94.99,2,23.88,28.41,24.08,26.25,21.31,0.8394,0.1959,0.5187
0.23,0.05,0.43,0.29,95.0,2,23.85,28.5,24.04,26.34,21.18,0.8488,0.1959,0.5211
0.23,0.05,0.45,0.27,94.99,2,23.82,28.54,23.99,26.38,21.08,0.8573,0.1955,0.523
0.23,0.05,0.47,0.25,94.99,2,23.8,28.66,23.81,26.56,21.03,0.8653,0.1946,0.5255
0.23,0.05,0.49,0.23,94.99,2,23.78,28.66,23.54,26.73,21.08,0.8729,0.1934,0.5274
0.23,0.05,0.51,0.21,94.99,2,23.72,28.54,23.36,26.73,21.08,0.8802,0.1918,0.5284
0.23,0.05,0.53,0.19,94.99,2,23.71,28.71,23.23,26.82,21.08,0.8877,0.1897,0.531
0.23,0.07,0.05,0.65,94.99,2,22.17,26.43,24.62,23.59,18.3,0.6654,0.138,0.4598
0.23,0.07,0.07,0.63,94.99,2,21.7,26.51,24.53,23.68,16.91,0.6745,0.1449,0.4567
0.23,0.07,0.09,0.61,94.99,2,21.78,26.69,24.4,23.95,17.0,0.684,0.1515,0.4595
0.23,0.07,0.11,0.59,94.99,2,21.91,26.9,24.44,24.13,17.15,0.6936,0.1576,0.463
0.23,0.07,0.13,0.57,94.99,2,21.96,26.99,24.4,24.4,17.1,0.7031,0.1634,0.4654
0.23,0.07,0.15,0.55,94.99,2,22.03,27.08,24.31,24.57,17.2,0.7127,0.1687,0.4679
0.23,0.07,0.17,0.53,94.99,2,22.1,27.16,24.31,24.71,17.29,0.7227,0.1736,0.4707
0.23,0.07,0.19,0.51,94.99,2,22.18,27.42,24.31,24.8,17.44,0.7324,0.1781,0.4742
0.23,0.07,0.21,0.49,94.99,2,22.23,27.55,24.26,24.89,17.53,0.7422,0.1822,0.4769
0.23,0.07,0.23,0.47,94.99,2,22.35,27.55,24.22,25.15,17.68,0.7524,0.1859,0.4801
0.23,0.07,0.25,0.45,94.99,2,22.43,27.59,24.22,25.28,17.77,0.7624,0.1892,0.483
0.23,0.07,0.27,0.43,94.99,2,22.51,27.64,24.17,25.28,18.06,0.7725,0.1921,0.4861
0.23,0.07,0.29,0.41,94.99,2,22.51,27.81,24.22,25.24,18.06,0.7823,0.1945,0.4888
0.23,0.07,0.31,0.39,94.99,2,22.55,28.19,24.22,25.33,18.11,0.7918,0.1966,0.4927
0.23,0.07,0.33,0.37,94.99,2,22.64,28.24,24.17,25.64,18.11,0.8015,0.1983,0.4959
0.23,0.07,0.35,0.35,94.99,2,22.73,28.37,24.04,25.9,18.25,0.8118,0.1995,0.4996
0.23,0.07,0.37,0.33,94.99,2,22.73,28.41,23.95,25.99,18.25,0.8219,0.2004,0.5022
0.23,0.07,0.39,0.31,95.0,2,22.82,28.54,23.78,26.48,18.21,0.8319,0.2008,0.506
0.23,0.07,0.41,0.29,95.0,2,23.46,28.54,23.73,26.74,19.92,0.8415,0.2008,0.5148
0.23,0.07,0.43,0.27,94.99,2,23.42,28.62,23.68,26.73,19.86,0.8508,0.2005,0.517
0.23,0.09,0.05,0.63,94.99,2,21.52,26.51,24.57,23.81,16.17,0.6678,0.1486,0.4527
0.23,0.09,0.07,0.61,94.99,2,20.98,26.6,24.49,23.95,14.5,0.6768,0.1552,0.4488
0.23,0.09,0.09,0.59,94.99,2,21.05,26.77,24.44,24.22,14.5,0.6862,0.1614,0.4516
0.23,0.09,0.11,0.57,94.99,2,21.16,26.99,24.44,24.44,14.6,0.6958,0.1671,0.4549
0.23,0.09,0.13,0.55,94.99,2,21.23,27.08,24.35,24.8,14.55,0.7051,0.1725,0.4575
0.23,0.09,0.15,0.53,94.99,2,21.25,27.16,24.26,24.84,14.65,0.7152,0.1775,0.4598
0.23,0.09,0.17,0.51,94.99,2,21.25,27.21,24.22,24.93,14.6,0.725,0.182,0.4616
0.23,0.09,0.19,0.49,94.99,2,21.34,27.42,24.22,25.02,14.79,0.7346,0.1862,0.4651
0.23,0.09,0.21,0.47,94.99,2,21.47,27.68,24.22,25.06,15.14,0.7446,0.1899,0.4693
0.23,0.09,0.23,0.45,94.99,2,21.58,27.64,24.22,25.24,15.29,0.755,0.1933,0.4723
0.23,0.09,0.25,0.43,94.99,2,21.65,27.77,24.22,25.33,15.39,0.7647,0.1962,0.4754
0.23,0.09,0.27,0.41,94.99,2,21.69,27.94,24.17,25.42,15.49,0.7747,0.1987,0.4786
0.23,0.09,0.29,0.39,94.99,2,21.68,27.94,24.08,25.42,15.54,0.7848,0.2009,0.4806
0.23,0.09,0.31,0.37,94.99,2,21.78,28.24,24.08,25.77,15.49,0.7942,0.2026,0.4848
0.23,0.11,0.05,0.61,94.99,2,21.63,26.56,24.62,24.04,16.22,0.6702,0.1584,0.453
0.23,0.11,0.07,0.59,94.99,2,21.02,26.64,24.44,24.13,14.5,0.679,0.1647,0.4485
0.23,0.11,0.09,0.57,94.99,2,21.07,26.73,24.31,24.35,14.55,0.6883,0.1705,0.4507
0.23,0.11,0.11,0.55,94.99,2,21.16,26.95,24.35,24.53,14.6,0.6978,0.1759,0.454
0.23,0.11,0.13,0.53,94.99,2,21.22,27.12,24.26,24.8,14.6,0.7077,0.181,0.4569
0.23,0.11,0.15,0.51,94.99,2,21.24,27.16,24.26,24.8,14.65,0.7174,0.1856,0.459
0.23,0.11,0.17,0.49,94.99,2,21.25,27.38,24.22,24.93,14.6,0.7272,0.1898,0.4616
0.23,0.11,0.19,0.47,94.99,2,21.38,27.68,24.26,25.02,14.84,0.737,0.1936,0.4659
0.23,0.13,0.05,0.59,94.99,2,21.6,26.6,24.57,23.99,16.22,0.6724,0.1676,0.452
0.23,0.13,0.07,0.57,94.99,2,21.05,26.69,24.44,24.22,14.5,0.6811,0.1734,0.4482
0.25,0.05,0.05,0.65,94.99,2,23.09,26.56,24.8,23.72,20.75,0.6733,0.1299,0.4727
0.25,0.05,0.07,0.63,94.99,2,22.62,26.82,24.75,24.04,19.06,0.6829,0.1371,0.4702
0.25,0.05,0.09,0.61,94.99,2,22.68,26.95,24.66,24.17,19.2,0.6927,0.144,0.4727
0.25,0.05,0.11,0.59,94.99,2,22.77,26.9,24.75,24.44,19.11,0.702,0.1504,0.4748
0.25,0.05,0.13,0.57,94.99,2,23.22,27.03,24.62,24.53,20.52,0.7116,0.1564,0.4813
0.25,0.05,0.15,0.55,94.99,2,23.27,27.21,24.62,24.57,20.61,0.7214,0.162,0.484
0.25,0.05,0.17,0.53,94.99,2,23.3,27.34,24.62,24.66,20.61,0.7312,0.1673,0.4864
0.25,0.05,0.19,0.51,94.99,2,23.43,27.59,24.62,24.89,20.8,0.7411,0.1721,0.4904
0.25,0.05,0.21,0.49,94.99,2,23.56,27.64,24.62,25.02,21.03,0.7511,0.1764,0.4936
0.25,0.05,0.23,0.47,94.99,2,23.57,27.68,24.62,25.02,21.08,0.7612,0.1804,0.4958
0.25,0.05,0.25,0.45,94.99,2,23.59,27.77,24.57,25.11,21.08,0.7719,0.184,0.4984
0.25,0.05,0.27,0.43,94.99,2,23.59,27.72,24.49,25.15,21.12,0.7817,0.1872,0.5003
0.25,0.05,0.29,0.41,94.99,2,23.68,27.81,24.4,25.37,21.26,0.7911,0.1899,0.5034
0.25,0.05,0.31,0.39,94.99,2,23.78,28.19,24.35,25.68,21.31,0.8011,0.1923,0.5079
0.25,0.05,0.33,0.37,94.99,2,23.9,28.32,24.53,25.9,21.26,0.8114,0.1943,0.5118
0.25,0.05,0.35,0.35,94.99,2,23.94,28.45,24.49,25.94,21.4,0.8214,0.1958,0.515
0.25,0.05,0.37,0.33,94.99,2,23.94,28.62,24.26,26.21,21.35,0.8313,0.1969,0.5179
0.25,0.05,0.39,0.31,94.99,2,23.95,28.54,24.17,26.38,21.31,0.841,0.1977,0.52
0.25,0.05,0.41,0.29,95.0,2,23.96,28.71,24.13,26.48,21.27,0.8503,0.198,0.523
0.25,0.05,0.43,0.27,94.99,2,23.86,28.71,24.04,26.38,21.17,0.8587,0.1979,0.5241
0.25,0.05,0.45,0.25,94.99,2,23.94,28.71,23.95,26.64,21.22,0.8669,0.1974,0.527
0.25,0.05,0.47,0.23,94.99,2,23.87,28.71,23.63,26.86,21.12,0.8744,0.1965,0.5283
0.25,0.05,0.49,0.21,94.99,2,23.83,28.66,23.45,26.9,21.12,0.8816,0.1952,0.5297
0.25,0.05,0.51,0.19,94.99,2,23.81,28.83,23.36,26.95,21.12,0.8892,0.1935,0.5323
0.25,0.07,0.05,0.63,94.99,2,22.42,26.6,24.71,23.77,18.78,0.6756,0.1409,0.4651
0.25,0.07,0.07,0.61,94.99,2,21.95,26.86,24.62,24.13,17.1,0.6851,0.1478,0.4626
0.25,0.07,0.09,0.59,94.99,2,21.98,26.99,24.53,24.22,17.2,0.6948,0.1542,0.4648
0.25,0.07,0.11,0.57,94.99,2,22.04,27.08,24.53,24.49,17.1,0.7043,0.1603,0.4672
0.25,0.07,0.13,0.55,95.0,2,22.09,27.13,24.4,24.63,17.25,0.7138,0.166,0.4694
0.25,0.07,0.15,0.53,94.99,2,22.12,27.38,24.35,24.71,17.29,0.7238,0.1712,0.4723
0.25,0.07,0.17,0.51,94.99,2,22.27,27.47,24.35,24.84,17.63,0.7335,0.1761,0.4758
0.25,0.07,0.19,0.49,94.99,2,22.38,27.68,24.31,25.02,17.82,0.7433,0.1805,0.4795
0.25,0.07,0.21,0.47,94.99,2,22.57,27.77,24.35,25.28,18.06,0.7537,0.1846,0.4836
0.25,0.07,0.23,0.45,94.99,2,22.57,27.72,24.31,25.28,18.11,0.7638,0.1882,0.4854
0.25,0.07,0.25,0.43,94.99,2,22.57,27.85,24.26,25.33,18.11,0.7742,0.1914,0.488
0.25,0.07,0.27,0.41,94.99,2,22.6,27.9,24.31,25.33,18.16,0.784,0.1942,0.4905
0.25,0.07,0.29,0.39,94.99,2,22.67,28.11,24.26,25.55,18.21,0.7935,0.1967,0.494
0.25,0.07,0.31,0.37,94.99,2,23.4,28.41,24.31,25.9,20.01,0.8034,0.1987,0.5045
0.25,0.07,0.33,0.35,94.99,2,23.45,28.49,24.22,26.08,20.05,0.8138,0.2002,0.5076
0.25,0.07,0.35,0.33,94.99,2,23.51,28.54,24.17,26.29,20.05,0.8236,0.2014,0.5106
0.25,0.07,0.37,0.31,95.0,2,23.84,28.68,24.05,26.61,20.86,0.8337,0.2022,0.5169
0.25,0.07,0.39,0.29,95.0,2,24.03,28.63,23.96,26.82,21.31,0.843,0.2026,0.5209
0.25,0.07,0.41,0.27,94.99,2,23.99,28.79,23.86,26.86,21.26,0.8522,0.2026,0.5234
0.25,0.09,0.05,0.61,94.99,2,21.61,26.77,24.57,23.99,16.27,0.6781,0.1511,0.4567
0.25,0.09,0.07,0.59,94.99,2,21.19,26.95,24.57,24.35,14.65,0.6873,0.1577,0.4544
0.25,0.09,0.09,0.57,94.99,2,21.21,27.08,24.44,24.53,14.65,0.697,0.1638,0.4565
0.25,0.09,0.11,0.55,94.99,2,21.39,27.16,24.44,24.89,14.84,0.7065,0.1695,0.4602
0.25,0.09,0.13,0.53,94.99,2,21.38,27.21,24.31,24.93,14.89,0.7163,0.1748,0.4619
0.25,0.09,0.15,0.51,94.99,2,21.4,27.42,24.22,24.97,14.99,0.7261,0.1797,0.4645
0.25,0.09,0.17,0.49,94.99,2,21.49,27.47,24.22,25.11,15.14,0.7358,0.1842,0.4673
0.25,0.09,0.19,0.47,94.99,2,21.55,27.64,24.17,25.24,15.24,0.746,0.1883,0.4705
0.25,0.09,0.21,0.45,94.99,2,21.74,27.81,24.31,25.42,15.49,0.7563,0.192,0.475
0.25,0.09,0.23,0.43,94.99,2,22.49,27.9,24.31,25.33,17.82,0.7662,0.1952,0.4848
0.25,0.09,0.25,0.41,94.99,2,22.48,27.98,24.26,25.42,17.77,0.7764,0.1981,0.4872
0.25,0.09,0.27,0.39,95.0,2,22.55,28.03,24.27,25.6,17.78,0.7863,0.2006,0.4901
0.25,0.09,0.29,0.37,94.99,2,22.66,28.41,24.13,25.94,17.92,0.7959,0.2026,0.4947
0.25,0.09,0.31,0.35,95.0,2,22.77,28.55,24.1,26.18,18.02,0.8058,0.2043,0.4984
0.25,0.11,0.05,0.59,94.99,2,21.7,26.73,24.62,24.17,16.32,0.6802,0.1606,0.4566
0.25,0.11,0.07,0.57,94.99,2,21.25,26.99,24.53,24.49,14.75,0.6894,0.1668,0.4543
0.25,0.11,0.09,0.55,94.99,2,21.24,27.12,24.35,24.66,14.7,0.6991,0.1726,0.4562
0.25,0.11,0.11,0.53,94.99,2,21.29,27.25,24.4,24.89,14.6,0.7088,0.1779,0.4588
0.25,0.11,0.13,0.51,94.99,2,21.28,27.29,24.26,24.93,14.65,0.7186,0.1829,0.4605
0.25,0.11,0.15,0.49,94.99,2,21.25,27.55,24.22,24.89,14.65,0.7284,0.1874,0.4629
0.25,0.11,0.17,0.47,94.99,2,21.4,27.64,24.26,25.11,14.84,0.7384,0.1916,0.4666
0.25,0.11,0.19,0.45,94.99,2,21.56,27.9,24.26,25.46,14.94,0.7487,0.1953,0.4711
0.25,0.13,0.05,0.57,94.99,2,21.69,26.82,24.53,24.22,16.32,0.6823,0.1694,0.4559
0.27,0.05,0.05,0.63,94.99,2,23.78,26.82,25.02,24.08,22.23,0.6839,0.1328,0.4827
0.27,0.05,0.07,0.61,94.99,2,23.9,27.03,25.02,24.31,22.37,0.694,0.14,0.4861
0.27,0.05,0.09,0.59,94.99,2,23.37,27.12,24.93,24.62,20.57,0.7034,0.1468,0.4825
0.27,0.05,0.11,0.57,94.99,2,23.34,27.16,24.89,24.62,20.52,0.7128,0.1531,0.4837
0.27,0.05,0.13,0.55,94.99,2,23.31,27.34,24.71,24.57,20.66,0.7227,0.1591,0.4856
0.27,0.05,0.15,0.53,94.99,2,23.31,27.42,24.62,24.71,20.61,0.7321,0.1646,0.4874
0.27,0.05,0.17,0.51,95.0,2,23.5,27.64,24.63,24.98,20.9,0.7422,0.1698,0.4919
0.27,0.05,0.19,0.49,94.99,2,23.6,27.68,24.71,25.11,20.98,0.752,0.1745,0.4947
0.27,0.05,0.21,0.47,94.99,2,23.63,27.77,24.62,25.2,21.08,0.7627,0.1788,0.4974
0.27,0.05,0.23,0.45,94.99,2,23.65,27.81,24.57,25.28,21.08,0.7735,0.1828,0.4998
0.27,0.05,0.25,0.43,94.99,2,23.75,27.77,24.53,25.42,21.31,0.7835,0.1863,0.5026
0.27,0.05,0.27,0.41,94.99,2,23.8,27.9,24.4,25.64,21.35,0.7931,0.1894,0.5055
0.27,0.05,0.29,0.39,94.99,2,23.83,28.24,24.35,25.77,21.35,0.803,0.1921,0.509
0.27,0.05,0.31,0.37,94.99,2,23.91,28.41,24.49,25.94,21.31,0.8131,0.1944,0.5127
0.27,0.05,0.33,0.35,94.99,2,23.99,28.58,24.57,25.99,21.4,0.8231,0.1963,0.5162
0.27,0.05,0.35,0.33,94.99,2,24.02,28.62,24.44,26.25,21.35,0.8328,0.1977,0.5189
0.27,0.05,0.37,0.31,94.99,2,24.0,28.75,24.26,26.38,21.35,0.8425,0.1988,0.5214
0.27,0.05,0.39,0.29,94.99,2,24.01,28.66,24.22,26.51,21.31,0.8516,0.1995,0.5234
0.27,0.05,0.41,0.27,94.99,2,23.97,28.71,24.13,26.51,21.26,0.8601,0.1997,0.5252
0.27,0.05,0.43,0.25,94.99,2,23.95,28.75,23.95,26.64,21.26,0.8684,0.1996,0.5273
0.27,0.05,0.45,0.23,94.99,2,23.98,28.79,23.86,26.86,21.22,0.8759,0.199,0.5297
0.27,0.05,0.47,0.21,94.99,2,23.95,28.92,23.63,26.99,21.22,0.8829,0.198,0.5317
0.27,0.05,0.49,0.19,94.99,2,23.86,29.0,23.36,27.03,21.17,0.8906,0.1967,0.5332
0.27,0.07,0.05,0.61,94.99,2,22.59,26.86,24.66,24.13,18.97,0.6863,0.1434,0.4699
0.27,0.07,0.07,0.59,94.99,2,22.77,27.08,24.66,24.31,19.35,0.6962,0.1503,0.474
0.27,0.07,0.09,0.57,94.99,2,22.27,27.21,24.66,24.66,17.49,0.7057,0.1567,0.4708
0.27,0.07,0.11,0.55,94.99,2,22.3,27.29,24.57,24.8,17.53,0.715,0.1627,0.4729
0.27,0.07,0.13,0.53,94.99,2,22.32,27.47,24.44,24.84,17.68,0.7248,0.1683,0.4753
0.27,0.07,0.15,0.51,94.99,2,22.32,27.55,24.35,24.93,17.68,0.7347,0.1735,0.4773
0.27,0.07,0.17,0.49,94.99,2,22.49,27.72,24.35,25.2,17.92,0.7446,0.1783,0.4813
0.27,0.07,0.19,0.47,94.99,2,23.24,27.81,24.4,25.59,19.72,0.7549,0.1827,0.491
0.27,0.07,0.21,0.45,94.99,2,23.29,27.85,24.35,25.59,19.91,0.7654,0.1866,0.4937
0.27,0.07,0.23,0.43,94.99,2,23.3,27.85,24.4,25.64,19.86,0.7757,0.1902,0.4959
0.27,0.07,0.25,0.41,94.99,2,23.36,27.98,24.49,25.64,19.96,0.7857,0.1933,0.499
0.27,0.07,0.27,0.39,94.99,2,23.7,28.19,24.49,25.73,20.89,0.7954,0.1961,0.5051
0.27,0.07,0.29,0.37,94.99,2,23.94,28.49,24.4,26.08,21.35,0.8055,0.1984,0.5108
0.27,0.07,0.31,0.35,94.99,2,23.97,28.58,24.49,26.12,21.31,0.8155,0.2004,0.5136
0.27,0.07,0.33,0.33,94.99,2,24.06,28.58,24.44,26.29,21.45,0.8252,0.2019,0.5167
0.27,0.07,0.35,0.31,95.0,2,24.14,28.72,24.36,26.7,21.37,0.8351,0.203,0.5203
0.27,0.07,0.37,0.29,95.0,2,24.09,28.84,24.13,26.82,21.31,0.8446,0.2037,0.5224
0.27,0.07,0.39,0.27,94.99,2,24.13,28.79,24.08,26.99,21.31,0.8535,0.204,0.5248
0.27,0.09,0.05,0.59,94.99,2,22.72,26.99,24.62,24.44,19.11,0.6883,0.1534,0.4708
0.27,0.09,0.07,0.57,94.99,2,22.87,27.16,24.66,24.8,19.16,0.6984,0.1598,0.4744
0.27,0.09,0.09,0.55,94.99,2,22.3,27.29,24.62,24.97,17.29,0.7078,0.1659,0.4706
0.27,0.09,0.11,0.53,94.99,2,22.31,27.38,24.53,25.11,17.29,0.7173,0.1715,0.4725
0.27,0.09,0.13,0.51,94.99,2,22.25,27.55,24.35,25.06,17.34,0.7273,0.1768,0.4742
0.27,0.09,0.15,0.49,94.99,2,22.27,27.64,24.26,25.11,17.44,0.7371,0.1816,0.4765
0.27,0.09,0.17,0.47,94.99,2,22.39,27.72,24.31,25.28,17.58,0.7475,0.186,0.4799
0.27,0.09,0.19,0.45,94.99,2,22.51,27.81,24.31,25.46,17.77,0.7575,0.1901,0.4834
0.27,0.09,0.21,0.43,94.99,2,22.56,28.07,24.31,25.46,17.92,0.7676,0.1937,0.4867
0.27,0.09,0.23,0.41,95.0,2,22.62,28.13,24.33,25.61,17.93,0.7778,0.1969,0.4896
0.27,0.09,0.25,0.39,94.99,2,22.71,28.28,24.35,25.81,17.97,0.7878,0.1997,0.4931
0.27,0.09,0.27,0.37,94.99,2,22.83,28.37,24.31,26.03,18.16,0.7978,0.2021,0.4967
0.27,0.09,0.29,0.35,94.99,2,22.91,28.62,24.08,26.34,18.3,0.8077,0.2041,0.5006
0.27,0.11,0.05,0.57,94.99,2,21.84,27.03,24.53,24.49,16.52,0.6905,0.1625,0.4613
0.27,0.11,0.07,0.55,94.99,2,22.01,27.21,24.57,24.84,16.61,0.7005,0.1686,0.4652
0.27,0.11,0.09,0.53,94.99,2,21.38,27.29,24.53,24.97,14.65,0.71,0.1743,0.4607
0.27,0.11,0.11,0.51,94.99,2,21.38,27.51,24.4,25.11,14.65,0.7197,0.1796,0.4631
0.27,0.11,0.13,0.49,94.99,2,21.32,27.55,24.31,25.02,14.65,0.7298,0.1845,0.4644
0.27,0.11,0.15,0.47,94.99,2,21.45,27.77,24.22,25.15,14.99,0.7399,0.189,0.4683
0.27,0.11,0.17,0.45,94.99,2,21.67,27.98,24.26,25.51,15.24,0.7501,0.1931,0.4732
0.27,0.13,0.05,0.55,94.99,2,21.88,27.16,24.53,24.53,16.56,0.6927,0.1709,0.4614
0.29,0.05,0.05,0.61,94.99,2,24.1,27.12,25.55,24.35,22.41,0.6953,0.1354,0.4895
0.29,0.05,0.07,0.59,94.99,2,24.1,27.16,25.24,24.66,22.41,0.7048,0.1425,0.4909
0.29,0.05,0.09,0.57,94.99,2,23.54,27.21,25.2,24.8,20.61,0.714,0.1492,0.4867
0.29,0.05,0.11,0.55,94.99,2,23.45,27.42,24.93,24.75,20.66,0.7238,0.1555,0.4881
0.29,0.05,0.13,0.53,94.99,2,23.42,27.51,24.84,24.71,20.71,0.7333,0.1614,0.4896
0.29,0.05,0.15,0.51,94.99,2,23.46,27.68,24.75,24.89,20.75,0.7433,0.1669,0.4923
0.29,0.05,0.17,0.49,94.99,2,23.65,27.81,24.75,25.15,21.03,0.753,0.172,0.4962
0.29,0.05,0.19,0.47,94.99,2,23.8,27.81,24.84,25.33,21.22,0.7642,0.1766,0.4999
0.29,0.05,0.21,0.45,94.99,2,23.81,27.94,24.66,25.51,21.26,0.775,0.1809,0.5025
0.29,0.05,0.23,0.43,94.99,2,23.83,28.02,24.57,25.55,21.35,0.7852,0.1848,0.5049
0.29,0.05,0.25,0.41,94.99,2,23.89,28.07,24.49,25.73,21.45,0.7952,0.1882,0.5077
0.29,0.05,0.27,0.39,94.99,2,23.93,28.28,24.44,25.94,21.4,0.8047,0.1912,0.5108
0.29,0.05,0.29,0.37,94.99,2,23.97,28.54,24.4,26.12,21.4,0.8148,0.1939,0.5142
0.29,0.05,0.31,0.35,94.99,2,24.0,28.62,24.57,26.12,21.31,0.8247,0.1961,0.5169
0.29,0.05,0.33,0.33,94.99,2,24.09,28.79,24.57,26.29,21.4,0.8343,0.1979,0.5206
0.29,0.05,0.35,0.31,94.99,2,24.12,28.83,24.4,26.51,21.45,0.8439,0.1993,0.5232
0.29,0.05,0.37,0.29,94.99,2,24.03,28.83,24.22,26.51,21.35,0.8529,0.2003,0.5244
0.29,0.05,0.39,0.27,94.99,2,24.04,28.88,24.22,26.6,21.31,0.8617,0.2009,0.5268
0.29,0.05,0.41,0.25,94.99,2,24.04,28.83,24.08,26.73,21.31,0.8699,0.2011,0.5286
0.29,0.05,0.43,0.23,95.0,2,24.06,28.88,23.91,26.95,21.31,0.8773,0.2009,0.5309
0.29,0.05,0.45,0.21,94.99,2,23.98,28.96,23.68,27.03,21.22,0.8843,0.2003,0.5322
0.29,0.05,0.47,0.19,94.99,2,23.92,29.13,23.45,27.08,21.22,0.8918,0.1992,0.5342
0.29,0.07,0.05,0.59,94.99,2,22.83,27.21,24.66,24.4,19.44,0.6975,0.1457,0.4761
0.29,0.07,0.07,0.57,94.99,2,23.56,27.25,24.75,24.84,21.08,0.7069,0.1524,0.4848
0.29,0.07,0.09,0.55,95.0,2,23.04,27.31,24.72,25.08,19.31,0.7162,0.1588,0.4812
0.29,0.07,0.11,0.53,94.99,2,23.03,27.47,24.62,25.06,19.39,0.726,0.1647,0.4832
0.29,0.07,0.13,0.51,94.99,2,23.03,27.68,24.53,25.11,19.44,0.7358,0.1703,0.4855
0.29,0.07,0.15,0.49,94.99,2,23.12,27.77,24.53,25.33,19.49,0.7459,0.1754,0.4885
0.29,0.07,0.17,0.47,94.99,2,23.58,27.94,24.49,25.64,20.61,0.7561,0.1801,0.4956
0.29,0.07,0.19,0.45,94.99,2,23.85,27.94,24.57,25.77,21.22,0.7668,0.1844,0.5003
0.29,0.07,0.21,0.43,94.99,2,23.9,27.98,24.57,25.81,21.31,0.7771,0.1883,0.503
0.29,0.07,0.23,0.41,94.99,2,23.91,28.11,24.57,25.81,21.35,0.7874,0.1918,0.5056
0.29,0.07,0.25,0.39,94.99,2,23.96,28.24,24.57,25.86,21.45,0.7973,0.1949,0.5085
0.29,0.07,0.27,0.37,94.99,2,24.05,28.49,24.57,26.16,21.4,0.8073,0.1976,0.5124
0.29,0.07,0.29,0.35,94.99,2,24.09,28.62,24.53,26.34,21.4,0.8172,0.1999,0.5154
0.29,0.07,0.31,0.33,94.99,2,24.09,28.71,24.44,26.47,21.35,0.8267,0.2018,0.5178
0.29,0.07,0.33,0.31,95.0,2,24.2,28.85,24.45,26.74,21.41,0.8365,0.2032,0.5216
0.29,0.07,0.35,0.29,95.0,2,24.24,28.97,24.31,26.95,21.45,0.846,0.2043,0.5246
0.29,0.07,0.37,0.27,94.99,2,24.16,29.05,24.08,27.03,21.35,0.8549,0.2049,0.5262
0.29,0.09,0.05,0.57,94.99,2,22.93,27.25,24.66,24.89,19.25,0.6996,0.1552,0.4763
0.29,0.09,0.07,0.55,94.99,2,23.01,27.34,24.66,25.15,19.2,0.7091,0.1616,0.4788
0.29,0.09,0.09,0.53,94.99,2,22.37,27.42,24.62,25.2,17.29,0.7184,0.1676,0.4741
0.29,0.09,0.11,0.51,94.99,2,22.36,27.59,24.53,25.2,17.34,0.7283,0.1732,0.4762
0.29,0.09,0.13,0.49,94.99,2,22.33,27.72,24.4,25.15,17.44,0.7384,0.1784,0.4782
0.29,0.09,0.15,0.47,94.99,2,22.38,27.77,24.4,25.2,17.53,0.7488,0.1832,0.4807
0.29,0.09,0.17,0.45,94.99,2,22.63,27.98,24.31,25.46,18.11,0.7588,0.1875,0.4858
0.29,0.09,0.19,0.43,94.99,2,22.7,28.19,24.35,25.59,18.16,0.7689,0.1915,0.4892
0.29,0.09,0.21,0.41,95.0,2,22.77,28.25,24.36,25.69,18.26,0.7791,0.195,0.4921
0.29,0.09,0.23,0.39,94.99,2,22.82,28.41,24.35,25.86,18.25,0.7894,0.1982,0.4953
0.29,0.09,0.25,0.37,94.99,2,22.97,28.54,24.35,26.16,18.4,0.7997,0.2009,0.4994
0.29,0.09,0.27,0.35,94.99,2,23.0,28.62,24.22,26.38,18.4,0.8096,0.2032,0.5021
0.29,0.09,0.29,0.33,95.0,2,23.07,28.81,24.1,26.74,18.36,0.8193,0.2052,0.5055
0.29,0.11,0.05,0.55,94.99,2,22.18,27.25,24.57,25.06,16.91,0.7017,0.1641,0.468
0.29,0.11,0.07,0.53,94.99,2,22.19,27.38,24.57,25.15,16.86,0.7112,0.1701,0.4701
0.29,0.11,0.09,0.51,94.99,2,21.56,27.47,24.53,25.2,14.94,0.7207,0.1757,0.4655
0.29,0.11,0.11,0.49,94.99,2,21.54,27.59,24.44,25.2,14.99,0.7311,0.181,0.4676
0.29,0.11,0.13,0.47,94.99,2,21.62,27.81,24.4,25.28,15.19,0.7411,0.1858,0.471
0.29,0.11,0.15,0.45,94.99,2,21.73,27.94,24.35,25.55,15.29,0.7514,0.1902,0.4744
0.31,0.05,0.05,0.59,94.99,2,24.36,27.25,25.77,24.8,22.5,0.7059,0.1377,0.4948
0.31,0.05,0.07,0.57,94.99,2,24.33,27.38,25.73,24.84,22.41,0.715,0.1447,0.4961
0.31,0.05,0.09,0.55,94.99,2,23.71,27.47,25.64,24.8,20.71,0.7249,0.1513,0.4918
0.31,0.05,0.11,0.53,94.99,2,23.67,27.55,25.46,24.84,20.71,0.7345,0.1576,0.4931
0.31,0.05,0.13,0.51,94.99,2,23.6,27.72,25.06,24.89,20.85,0.7442,0.1634,0.4946
0.31,0.05,0.15,0.49,94.99,2,23.76,27.77,25.06,25.28,20.94,0.7545,0.1688,0.4981
0.31,0.05,0.17,0.47,94.99,2,23.84,27.98,25.02,25.37,21.12,0.7655,0.1738,0.5016
0.31,0.05,0.19,0.45,94.99,2,23.94,27.98,25.02,25.55,21.26,0.7765,0.1784,0.5047
0.31,0.05,0.21,0.43,94.99,2,24.0,28.15,24.93,25.68,21.4,0.7871,0.1826,0.508
0.31,0.05,0.23,0.41,94.99,2,23.98,28.24,24.66,25.77,21.49,0.7971,0.1864,0.5099
0.31,0.05,0.25,0.39,94.99,2,24.05,28.32,24.62,26.03,21.49,0.8065,0.1898,0.5128
0.31,0.05,0.27,0.37,95.0,2,24.05,28.54,24.49,26.26,21.41,0.8165,0.1928,0.5156
0.31,0.05,0.29,0.35,94.99,2,24.09,28.62,24.57,26.29,21.4,0.826,0.1953,0.5183
0.31,0.05,0.31,0.33,94.99,2,24.12,28.88,24.62,26.34,21.4,0.8357,0.1975,0.5216
0.31,0.05,0.33,0.31,94.99,2,24.16,28.88,24.57,26.43,21.49,0.8453,0.1993,0.5241
0.31,0.05,0.35,0.29,94.99,2,24.13,28.88,24.4,26.51,21.49,0.8543,0.2006,0.5259
0.31,0.05,0.37,0.27,94.99,2,24.15,29.0,24.31,26.69,21.45,0.863,0.2015,0.5285
0.31,0.05,0.39,0.25,94.99,2,24.13,29.0,24.17,26.77,21.45,0.8711,0.2021,0.5303
0.31,0.05,0.41,0.23,94.99,2,24.16,29.05,24.08,27.03,21.35,0.8786,0.2022,0.5325
0.31,0.05,0.43,0.21,94.99,2,24.04,29.17,23.77,27.08,21.26,0.8857,0.2019,0.5336
0.31,0.05,0.45,0.19,94.99,2,24.01,29.13,23.59,27.16,21.26,0.8929,0.2012,0.5351
0.31,0.07,0.05,0.57,94.99,2,23.75,27.34,24.93,25.11,21.22,0.7081,0.1476,0.4881
0.31,0.07,0.07,0.55,94.99,2,23.95,27.42,24.93,25.15,21.77,0.7171,0.1543,0.4916
0.31,0.07,0.09,0.53,94.99,2,23.66,27.55,24.93,25.2,20.85,0.7271,0.1606,0.4907
0.31,0.07,0.11,0.51,94.99,2,23.61,27.72,24.84,25.2,20.8,0.7368,0.1664,0.4924
0.31,0.07,0.13,0.49,94.99,2,23.66,27.85,24.71,25.33,20.94,0.7471,0.1719,0.495
0.31,0.07,0.15,0.47,94.99,2,23.81,27.9,24.71,25.68,21.03,0.7575,0.177,0.4985
0.31,0.07,0.17,0.45,94.99,2,23.87,27.98,24.62,25.77,21.22,0.768,0.1816,0.5014
0.31,0.07,0.19,0.43,94.99,2,23.94,28.11,24.66,25.81,21.35,0.7785,0.1859,0.5046
0.31,0.07,0.21,0.41,94.99,2,23.96,28.32,24.62,25.86,21.4,0.7891,0.1897,0.5075
0.31,0.07,0.23,0.39,94.99,2,24.02,28.37,24.66,25.9,21.49,0.7992,0.1932,0.5103
0.31,0.07,0.25,0.37,94.99,2,24.12,28.45,24.66,26.21,21.49,0.8092,0.1962,0.5137
0.31,0.07,0.27,0.35,94.99,2,24.13,28.62,24.53,26.47,21.4,0.8187,0.1988,0.5164
0.31,0.07,0.29,0.33,94.99,2,24.12,28.75,24.44,26.51,21.4,0.828,0.201,0.5187
0.31,0.07,0.31,0.31,95.0,2,24.27,28.98,24.5,26.79,21.51,0.8379,0.2028,0.5232
0.31,0.07,0.33,0.29,95.0,2,24.29,28.97,24.49,26.87,21.5,0.8473,0.2042,0.5254
0.31,0.07,0.35,0.27,94.99,2,24.28,29.09,24.26,27.12,21.45,0.8562,0.2052,0.5278
0.31,0.09,0.05,0.55,94.99,2,23.05,27.42,24.71,25.2,19.25,0.7102,0.1568,0.4805
0.31,0.09,0.07,0.53,94.99,2,23.15,27.47,24.71,25.24,19.49,0.7194,0.1631,0.483
0.31,0.09,0.09,0.51,94.99,2,22.54,27.59,24.71,25.2,17.73,0.7293,0.1691,0.479
0.31,0.09,0.11,0.49,94.99,2,22.54,27.77,24.62,25.24,17.77,0.7398,0.1746,0.4814
0.31,0.09,0.13,0.47,94.99,2,22.53,27.9,24.53,25.2,17.87,0.75,0.1797,0.4835
0.31,0.09,0.15,0.45,94.99,2,22.65,27.94,24.44,25.51,18.01,0.76,0.1844,0.4867
0.31,0.09,0.17,0.43,94.99,2,22.7,28.15,24.35,25.59,18.16,0.7701,0.1887,0.4898
0.31,0.09,0.19,0.41,94.99,2,22.82,28.41,24.49,25.68,18.3,0.7805,0.1926,0.4939
0.31,0.09,0.21,0.39,95.0,2,22.97,28.55,24.45,26.09,18.36,0.7911,0.1961,0.4979
0.31,0.09,0.23,0.37,94.99,2,23.05,28.58,24.4,26.25,18.49,0.8015,0.1992,0.501
0.31,0.09,0.25,0.35,94.99,2,23.7,28.62,24.4,26.56,20.15,0.8114,0.2018,0.5097
0.31,0.09,0.27,0.33,95.0,2,23.8,28.81,24.33,26.97,20.11,0.8208,0.2041,0.5135
0.31,0.11,0.05,0.53,94.99,2,22.29,27.42,24.66,25.2,17.0,0.7123,0.1653,0.4721
0.31,0.11,0.07,0.51,94.99,2,22.25,27.47,24.62,25.24,16.91,0.7217,0.1713,0.4734
0.31,0.11,0.09,0.49,94.99,2,21.69,27.77,24.62,25.2,15.24,0.7323,0.1768,0.4706
0.31,0.11,0.11,0.47,94.99,2,21.7,27.81,24.53,25.37,15.19,0.7424,0.182,0.4726
0.31,0.11,0.13,0.45,94.99,2,21.76,28.11,24.44,25.51,15.34,0.7526,0.1867,0.4761
0.31,0.11,0.15,0.43,95.0,2,21.95,28.16,24.45,25.86,15.54,0.7621,0.1911,0.4799
0.33,0.05,0.05,0.57,94.99,2,24.4,27.38,25.81,24.89,22.5,0.7161,0.1396,0.4979
0.33,0.05,0.07,0.55,94.99,2,24.4,27.47,25.81,24.89,22.5,0.726,0.1466,0.4996
0.33,0.05,0.09,0.53,94.99,2,23.88,27.64,25.81,24.93,20.89,0.7358,0.1531,0.4965
0.33,0.05,0.11,0.51,94.99,2,23.86,27.72,25.64,25.06,20.89,0.7452,0.1593,0.4981
0.33,0.05,0.13,0.49,94.99,2,23.93,27.85,25.46,25.28,21.03,0.7558,0.1651,0.5009
0.33,0.05,0.15,0.47,94.99,2,24.0,27.98,25.37,25.46,21.17,0.7667,0.1704,0.5041
0.33,0.05,0.17,0.45,94.99,2,24.08,28.11,25.37,25.59,21.26,0.7779,0.1754,0.5073
0.33,0.05,0.19,0.43,94.99,2,24.09,28.28,25.06,25.77,21.45,0.7889,0.1799,0.5102
0.33,0.05,0.21,0.41,94.99,2,24.12,28.41,24.93,25.9,21.54,0.7989,0.184,0.5128
0.33,0.05,0.23,0.39,94.99,2,24.15,28.41,24.84,26.12,21.49,0.8085,0.1878,0.5149
0.33,0.05,0.25,0.37,95.0,2,24.19,28.46,24.76,26.34,21.45,0.8179,0.1911,0.5173
0.33,0.05,0.27,0.35,94.99,2,24.22,28.62,24.84,26.38,21.45,0.8274,0.194,0.5202
0.33,0.05,0.29,0.33,94.99,2,24.25,28.92,24.93,26.38,21.45,0.837,0.1965,0.5235
0.33,0.05,0.31,0.31,95.0,2,24.34,28.97,24.9,26.53,21.6,0.8467,0.1986,0.5267
0.33,0.05,0.33,0.29,94.99,2,24.34,28.96,24.75,26.69,21.59,0.8555,0.2003,0.5286
0.33,0.05,0.35,0.27,95.0,2,24.32,29.05,24.67,26.82,21.45,0.8642,0.2015,0.5306
0.33,0.05,0.37,0.25,94.99,2,24.25,29.17,24.31,26.9,21.54,0.8721,0.2024,0.5323
0.33,0.05,0.39,0.23,94.99,2,24.23,29.17,24.22,27.03,21.45,0.8797,0.2029,0.5339
0.33,0.05,0.41,0.21,94.99,2,24.12,29.21,23.95,27.16,21.26,0.8867,0.2029,0.5347
0.33,0.05,0.43,0.19,94.99,2,24.08,29.26,23.72,27.21,21.31,0.8939,0.2026,0.5363
0.33,0.07,0.05,0.55,94.99,2,24.3,27.51,25.02,25.28,22.59,0.7183,0.1492,0.4965
0.33,0.07,0.07,0.53,94.99,2,24.28,27.59,25.02,25.28,22.55,0.7281,0.1558,0.4981
0.33,0.07,0.09,0.51,94.99,2,23.76,27.77,24.97,25.33,20.98,0.7382,0.162,0.495
0.33,0.07,0.11,0.49,94.99,2,23.79,27.9,24.89,25.51,20.98,0.7483,0.1678,0.4975
0.33,0.07,0.13,0.47,94.99,2,23.87,27.94,24.75,25.73,21.12,0.7589,0.1732,0.5002
0.33,0.07,0.15,0.45,94.99,2,23.94,28.02,24.8,25.81,21.22,0.769,0.1782,0.503
0.33,0.07,0.17,0.43,94.99,2,23.94,28.19,24.71,25.81,21.31,0.78,0.1828,0.5057
0.33,0.07,0.19,0.41,94.99,2,24.02,28.41,24.71,25.9,21.45,0.7907,0.187,0.5093
0.33,0.07,0.21,0.39,94.99,2,24.09,28.45,24.66,26.08,21.54,0.801,0.1908,0.5121
0.33,0.07,0.23,0.37,94.99,2,24.14,28.62,24.66,26.21,21.54,0.8108,0.1941,0.5151
0.33,0.07,0.25,0.35,94.99,2,24.18,28.62,24.57,26.51,21.45,0.82,0.1971,0.5174
0.33,0.07,0.27,0.33,94.99,2,24.18,28.71,24.44,26.64,21.45,0.8295,0.1997,0.5197
0.33,0.07,0.29,0.31,94.99,2,24.25,28.96,24.53,26.82,21.4,0.8391,0.2018,0.5234
0.33,0.07,0.31,0.29,95.0,2,24.37,29.1,24.54,26.96,21.6,0.8487,0.2035,0.5272
0.33,0.07,0.33,0.27,95.0,2,24.4,29.14,24.45,27.17,21.59,0.8576,0.2049,0.5297
0.33,0.09,0.05,0.53,94.99,2,23.19,27.55,24.71,25.28,19.58,0.7204,0.158,0.4847
0.33,0.09,0.07,0.51,94.99,2,23.21,27.72,24.71,25.28,19.63,0.7306,0.1643,0.4871
0.33,0.09,0.09,0.49,94.99,2,22.65,27.85,24.75,25.28,17.92,0.7412,0.1702,0.4838
0.33,0.09,0.11,0.47,94.99,2,22.71,27.94,24.66,25.51,17.97,0.7511,0.1756,0.4863
0.33,0.09,0.13,0.45,94.99,2,23.33,27.98,24.53,25.68,19.77,0.7613,0.1807,0.4944
0.33,0.09,0.15,0.43,94.99,2,23.4,28.19,24.53,25.81,19.86,0.7712,0.1853,0.4977
0.33,0.09,0.17,0.41,94.99,2,23.46,28.37,24.57,25.86,19.96,0.7818,0.1895,0.5009
0.33,0.09,0.19,0.39,95.0,2,23.67,28.64,24.72,26.22,20.06,0.7928,0.1934,0.5061
0.33,0.09,0.21,0.37,94.99,2,23.89,28.66,24.57,26.38,20.71,0.8032,0.1968,0.5105
0.33,0.09,0.23,0.35,94.99,2,24.25,28.79,24.57,26.64,21.54,0.8131,0.1998,0.5166
0.33,0.09,0.25,0.33,95.0,2,24.32,28.81,24.45,27.05,21.46,0.8222,0.2024,0.5192
0.33,0.11,0.05,0.51,94.99,2,23.08,27.51,24.66,25.28,19.3,0.7229,0.1662,0.4829
0.33,0.11,0.07,0.49,94.99,2,23.1,27.94,24.62,25.28,19.39,0.7334,0.1721,0.4863
0.33,0.11,0.09,0.47,94.99,2,22.57,27.98,24.62,25.46,17.63,0.7438,0.1776,0.4829
0.33,0.11,0.11,0.45,94.99,2,22.66,28.11,24.57,25.73,17.68,0.7536,0.1827,0.486
0.33,0.11,0.13,0.43,94.99,2,22.69,28.28,24.49,25.86,17.73,0.7634,0.1874,0.4886
0.35,0.05,0.05,0.55,94.99,2,24.44,27.59,25.86,24.97,22.5,0.7272,0.1412,0.5016
0.35,0.05,0.07,0.53,94.99,2,24.55,27.77,25.86,25.15,22.64,0.737,0.1481,0.5047
0.35,0.05,0.09,0.51,94.99,2,24.55,27.94,25.81,25.2,22.64,0.7465,0.1546,0.5067
0.35,0.05,0.11,0.49,94.99,2,23.98,27.85,25.68,25.24,21.03,0.7571,0.1607,0.5025
0.35,0.05,0.13,0.47,94.99,2,24.07,27.98,25.64,25.46,21.12,0.768,0.1664,0.5057
0.35,0.05,0.15,0.45,94.99,2,24.24,28.19,25.64,25.73,21.35,0.7792,0.1717,0.5101
0.35,0.05,0.17,0.43,94.99,2,24.25,28.37,25.55,25.86,21.35,0.7905,0.1766,0.513
0.35,0.05,0.19,0.41,94.99,2,24.3,28.49,25.42,25.94,21.54,0.8007,0.181,0.5157
0.35,0.05,0.21,0.39,94.99,2,24.33,28.58,25.2,26.25,21.54,0.8102,0.1851,0.5181
0.35,0.05,0.23,0.37,94.99,2,24.34,28.58,25.15,26.29,21.59,0.8194,0.1888,0.52
0.35,0.05,0.25,0.35,94.99,2,24.36,28.75,25.15,26.38,21.54,0.8289,0.192,0.5226
0.35,0.05,0.27,0.33,94.99,2,24.31,28.96,24.97,26.47,21.49,0.8383,0.1949,0.5248
0.35,0.05,0.29,0.31,94.99,2,24.31,28.92,24.97,26.51,21.45,0.8478,0.1973,0.5267
0.35,0.05,0.31,0.29,95.0,2,24.36,29.01,24.89,26.61,21.59,0.8566,0.1993,0.5294
0.35,0.05,0.33,0.27,95.0,2,24.44,29.1,24.85,26.83,21.64,0.865,0.2009,0.5324
0.35,0.05,0.35,0.25,94.99,2,24.46,29.21,24.71,27.03,21.63,0.873,0.2022,0.5348
0.35,0.05,0.37,0.23,94.99,2,24.38,29.3,24.57,26.99,21.59,0.8808,0.203,0.5361
0.35,0.05,0.39,0.21,94.99,2,24.35,29.3,24.4,27.21,21.45,0.8878,0.2034,0.5375
0.35,0.05,0.41,0.19,94.99,2,24.2,29.34,23.99,27.29,21.31,0.8949,0.2034,0.5379
0.35,0.07,0.05,0.53,94.99,2,24.58,27.72,25.73,25.33,22.68,0.7293,0.1504,0.5026
0.35,0.07,0.07,0.51,94.99,2,24.59,27.9,25.51,25.55,22.73,0.7397,0.157,0.5049
0.35,0.07,0.09,0.49,94.99,2,24.55,28.02,25.24,25.64,22.78,0.7496,0.1631,0.5065
0.35,0.07,0.11,0.47,94.99,2,24.01,27.98,25.15,25.77,21.12,0.76,0.1689,0.5027
0.35,0.07,0.13,0.45,94.99,2,24.0,28.11,25.06,25.73,21.22,0.7703,0.1742,0.5048
0.35,0.07,0.15,0.43,94.99,2,24.08,28.24,24.97,25.9,21.35,0.7813,0.1792,0.508
0.35,0.07,0.17,0.41,94.99,2,24.08,28.41,24.89,25.99,21.35,0.7924,0.1837,0.5107
0.35,0.07,0.19,0.39,94.99,2,24.18,28.58,24.84,26.16,21.54,0.8028,0.1878,0.5144
0.35,0.07,0.21,0.37,94.99,2,24.23,28.75,24.84,26.25,21.59,0.8124,0.1915,0.5173
0.35,0.07,0.23,0.35,94.99,2,24.28,28.71,24.8,26.51,21.54,0.8216,0.1948,0.5195
0.35,0.07,0.25,0.33,95.0,2,24.27,28.84,24.71,26.56,21.54,0.8309,0.1977,0.5218
0.35,0.07,0.27,0.31,94.99,2,24.31,28.96,24.57,26.86,21.49,0.8402,0.2002,0.5245
0.35,0.07,0.29,0.29,95.0,2,24.35,29.1,24.59,27.0,21.46,0.8498,0.2023,0.5275
0.35,0.07,0.31,0.27,95.0,2,24.46,29.18,24.63,27.13,21.64,0.8587,0.2039,0.5308
0.35,0.09,0.05,0.51,94.99,2,23.86,27.72,24.75,25.46,21.35,0.732,0.159,0.4948
0.35,0.09,0.07,0.49,94.99,2,23.92,27.94,24.8,25.55,21.4,0.7424,0.1652,0.4978
0.35,0.09,0.09,0.47,94.99,2,24.0,28.07,24.93,25.64,21.45,0.7523,0.171,0.5007
0.35,0.09,0.11,0.45,94.99,2,23.62,28.02,24.84,25.77,20.24,0.7624,0.1763,0.4984
0.35,0.09,0.13,0.43,94.99,2,23.88,28.19,24.66,25.77,21.22,0.7725,0.1813,0.5034
0.35,0.09,0.15,0.41,94.99,2,24.05,28.54,24.75,26.03,21.35,0.7832,0.1859,0.5083
0.35,0.09,0.17,0.39,95.0,2,24.15,28.64,24.77,26.35,21.32,0.7945,0.1901,0.5118
0.35,0.09,0.19,0.37,95.0,2,24.27,28.76,24.77,26.48,21.55,0.8049,0.1938,0.5155
0.35,0.09,0.21,0.35,94.99,2,24.37,28.88,24.75,26.73,21.63,0.8146,0.1972,0.5189
0.35,0.09,0.23,0.33,95.0,2,24.44,28.97,24.68,27.09,21.55,0.8237,0.2001,0.5217
0.35,0.11,0.05,0.49,94.99,2,23.11,27.85,24.62,25.33,19.39,0.7344,0.1667,0.4872
0.35,0.11,0.07,0.47,94.99,2,23.31,28.07,24.62,25.59,19.72,0.7451,0.1726,0.4917
0.35,0.11,0.09,0.45,94.99,2,23.39,28.28,24.66,25.73,19.77,0.7548,0.178,0.4948
0.35,0.11,0.11,0.43,94.99,2,22.86,28.32,24.57,25.9,18.11,0.7646,0.183,0.4914
0.35,0.11,0.13,0.41,95.0,2,22.95,28.46,24.5,26.05,18.31,0.7745,0.1877,0.4946
0.37,0.05,0.05,0.53,94.99,2,24.55,27.81,25.86,25.15,22.64,0.7384,0.1425,0.5061
0.37,0.05,0.07,0.51,94.99,2,24.61,27.94,25.86,25.28,22.68,0.748,0.1493,0.5085
0.37,0.05,0.09,0.49,94.99,2,24.68,28.02,25.86,25.37,22.82,0.7583,0.1557,0.5111
0.37,0.05,0.11,0.47,94.99,2,24.19,28.11,25.81,25.51,21.26,0.7692,0.1618,0.5084
0.37,0.05,0.13,0.45,94.99,2,24.21,28.19,25.68,25.73,21.22,0.7807,0.1674,0.5108
0.37,0.05,0.15,0.43,94.99,2,24.33,28.49,25.64,25.9,21.45,0.7922,0.1726,0.5152
0.37,0.05,0.17,0.41,94.99,2,24.55,28.54,25.73,26.25,21.68,0.8024,0.1774,0.5194
0.37,0.05,0.19,0.39,94.99,2,24.54,28.66,25.68,26.25,21.68,0.8118,0.1818,0.5213
0.37,0.05,0.21,0.37,94.99,2,24.48,28.88,25.42,26.34,21.68,0.821,0.1858,0.5232
0.37,0.05,0.23,0.35,94.99,2,24.37,28.79,25.24,26.34,21.54,0.8302,0.1894,0.5236
0.37,0.05,0.25,0.33,95.0,2,24.44,28.84,25.38,26.43,21.5,0.8394,0.1926,0.5263
0.37,0.05,0.27,0.31,94.99,2,24.46,29.05,25.24,26.69,21.45,0.8488,0.1954,0.5291
0.37,0.05,0.29,0.29,94.99,2,24.43,29.05,25.24,26.6,21.45,0.8574,0.1978,0.5306
0.37,0.05,0.31,0.27,95.0,2,24.57,29.24,25.18,26.84,21.7,0.8658,0.1997,0.5346
0.37,0.05,0.33,0.25,94.99,2,24.53,29.26,24.8,27.08,21.72,0.874,0.2013,0.536
0.37,0.05,0.35,0.23,94.99,2,24.46,29.3,24.66,27.08,21.63,0.8818,0.2024,0.5372
0.37,0.05,0.37,0.21,94.99,2,24.41,29.34,24.49,27.16,21.59,0.8889,0.2032,0.5385
0.37,0.05,0.39,0.19,94.99,2,24.3,29.38,24.22,27.34,21.35,0.8959,0.2035,0.5393
0.37,0.07,0.05,0.51,94.99,2,24.7,27.9,25.81,25.55,22.73,0.7411,0.1514,0.5072
0.37,0.07,0.07,0.49,94.99,2,24.79,28.02,25.77,25.73,22.87,0.7508,0.1579,0.51
0.37,0.07,0.09,0.47,94.99,2,24.83,28.11,25.77,25.81,22.91,0.761,0.1639,0.5123
0.37,0.07,0.11,0.45,94.99,2,24.27,28.19,25.64,25.9,21.26,0.7717,0.1696,0.5088
0.37,0.07,0.13,0.43,94.99,2,24.16,28.28,25.42,25.86,21.22,0.7827,0.1749,0.51
0.37,0.07,0.15,0.41,94.99,2,24.33,28.45,25.37,26.12,21.49,0.7941,0.1798,0.5144
0.37,0.07,0.17,0.39,94.99,2,24.37,28.62,25.2,26.25,21.68,0.8045,0.1842,0.5174
0.37,0.07,0.19,0.37,95.0,2,24.42,28.72,25.21,26.31,21.73,0.8139,0.1883,0.5199
0.37,0.07,0.21,0.35,94.99,2,24.45,29.0,25.15,26.51,21.68,0.8231,0.1919,0.523
0.37,0.07,0.23,0.33,94.99,2,24.4,28.96,25.02,26.64,21.54,0.8323,0.1951,0.5242
0.37,0.07,0.25,0.31,94.99,2,24.38,29.05,24.8,26.86,21.49,0.8413,0.198,0.5261
0.37,0.07,0.27,0.29,95.0,2,24.45,29.19,24.81,27.09,21.46,0.8508,0.2004,0.5293
0.37,0.07,0.29,0.27,95.0,2,24.52,29.26,24.85,27.08,21.64,0.8595,0.2024,0.5322
0.37,0.09,0.05,0.49,94.99,2,24.46,27.98,25.06,25.59,22.73,0.7436,0.1595,0.5045
0.37,0.09,0.07,0.47,94.99,2,24.55,28.11,25.06,25.73,22.87,0.7535,0.1657,0.5074
0.37,0.09,0.09,0.45,94.99,2,24.58,28.19,25.06,25.81,22.87,0.7635,0.1714,0.5097
0.37,0.09,0.11,0.43,94.99,2,24.03,28.24,24.89,25.94,21.26,0.7738,0.1767,0.5061
0.37,0.09,0.13,0.41,94.99,2,23.99,28.49,24.8,25.94,21.22,0.7846,0.1816,0.5085
0.37,0.09,0.15,0.39,95.0,2,24.21,28.72,24.81,26.35,21.46,0.7961,0.1861,0.5137
0.37,0.09,0.17,0.37,95.0,2,24.37,28.89,24.9,26.61,21.6,0.8065,0.1902,0.5179
0.37,0.09,0.19,0.35,94.99,2,24.42,28.88,24.84,26.77,21.63,0.8159,0.1939,0.5201
0.37,0.09,0.21,0.33,95.0,2,24.5,29.19,24.77,27.05,21.69,0.8252,0.1972,0.5239
0.37,0.11,0.05,0.47,94.99,2,23.34,28.11,24.66,25.64,19.72,0.7462,0.167,0.4933
0.37,0.11,0.07,0.45,94.99,2,23.46,28.32,24.66,25.81,19.91,0.7559,0.1727,0.4968
0.37,0.11,0.09,0.43,94.99,2,23.54,28.41,24.75,25.99,19.86,0.7657,0.1781,0.4995
0.37,0.11,0.11,0.41,95.0,2,23.07,28.51,24.77,26.22,18.22,0.7759,0.1831,0.4969
0.39,0.05,0.05,0.51,94.99,2,24.62,27.94,25.86,25.28,22.73,0.7495,0.1434,0.5099
0.39,0.05,0.07,0.49,94.99,2,24.74,28.15,25.9,25.46,22.87,0.7595,0.1502,0.5133
0.39,0.05,0.09,0.47,94.99,2,24.85,28.37,25.94,25.64,22.96,0.7707,0.1566,0.5169
0.39,0.05,0.11,0.45,94.99,2,24.33,28.41,25.9,25.77,21.31,0.7822,0.1625,0.5139
0.39,0.05,0.13,0.43,94.99,2,24.46,28.62,25.77,26.08,21.54,0.7934,0.1681,0.5179
0.39,0.05,0.15,0.41,94.99,2,24.54,28.71,25.73,26.25,21.63,0.8038,0.1732,0.5208
0.39,0.05,0.17,0.39,94.99,2,24.61,28.83,25.77,26.29,21.77,0.8134,0.178,0.5237
0.39,0.05,0.19,0.37,94.99,2,24.6,28.96,25.68,26.38,21.72,0.8225,0.1823,0.5256
0.39,0.05,0.21,0.35,94.99,2,24.52,28.96,25.59,26.34,21.63,0.8314,0.1863,0.5265
0.39,0.05,0.23,0.33,94.99,2,24.55,28.96,25.64,26.47,21.54,0.8405,0.1898,0.5285
0.39,0.05,0.25,0.31,94.99,2,24.61,29.09,25.55,26.69,21.59,0.8496,0.1929,0.5313
0.39,0.05,0.27,0.29,94.99,2,24.55,29.09,25.42,26.73,21.49,0.8582,0.1956,0.5325
0.39,0.05,0.29,0.27,94.99,2,24.61,29.21,25.33,26.82,21.68,0.8665,0.1979,0.5353
0.39,0.05,0.31,0.25,94.99,2,24.65,29.34,25.2,27.03,21.72,0.8746,0.1998,0.5379
0.39,0.05,0.33,0.23,94.99,2,24.65,29.34,25.02,27.21,21.72,0.8827,0.2013,0.5397
0.39,0.05,0.35,0.21,94.99,2,24.52,29.38,24.75,27.16,21.63,0.8899,0.2024,0.5401
0.39,0.05,0.37,0.19,94.99,2,24.47,29.47,24.62,27.38,21.4,0.8969,0.2031,0.5416
0.39,0.07,0.05,0.49,94.99,2,24.79,28.07,25.81,25.68,22.87,0.7521,0.152,0.5113
0.39,0.07,0.07,0.47,94.99,2,24.88,28.24,25.81,25.81,23.0,0.7621,0.1584,0.5144
0.39,0.07,0.09,0.45,94.99,2,24.92,28.37,25.86,25.9,23.0,0.7732,0.1644,0.5171
0.39,0.07,0.11,0.43,94.99,2,24.35,28.45,25.86,25.94,21.26,0.7841,0.17,0.5136
0.39,0.07,0.13,0.41,94.99,2,24.52,28.62,25.77,26.21,21.59,0.7954,0.1752,0.5179
0.39,0.07,0.15,0.39,94.99,2,24.51,28.83,25.59,26.25,21.68,0.8059,0.18,0.5205
0.39,0.07,0.17,0.37,94.99,2,24.58,28.96,25.64,26.34,21.77,0.8154,0.1844,0.5234
0.39,0.07,0.19,0.35,94.99,2,24.55,29.21,25.51,26.47,21.68,0.8245,0.1884,0.5256
0.39,0.07,0.21,0.33,94.99,2,24.61,29.17,25.51,26.69,21.63,0.8334,0.192,0.5277
0.39,0.07,0.23,0.31,94.99,2,24.52,29.17,24.97,26.99,21.59,0.8423,0.1951,0.5286
0.39,0.07,0.25,0.29,95.0,2,24.56,29.23,24.94,27.13,21.6,0.8515,0.1979,0.5311
0.39,0.07,0.27,0.27,95.0,2,24.57,29.27,24.99,27.22,21.5,0.8603,0.2003,0.5332
0.39,0.09,0.05,0.47,94.99,2,24.71,28.15,25.59,25.68,22.87,0.7545,0.1598,0.5103
0.39,0.09,0.07,0.45,94.99,2,24.71,28.28,25.33,25.9,22.91,0.7648,0.1659,0.5124
0.39,0.09,0.09,0.43,94.99,2,24.74,28.45,25.28,25.94,23.0,0.7754,0.1715,0.5151
0.39,0.09,0.11,0.41,94.99,2,24.13,28.62,25.02,26.08,21.31,0.7862,0.1768,0.5116
0.39,0.09,0.13,0.39,94.99,2,24.3,28.88,25.02,26.38,21.49,0.7975,0.1816,0.5162
0.39,0.09,0.15,0.37,95.0,2,24.44,29.06,24.99,26.66,21.69,0.8078,0.1861,0.5202
0.39,0.09,0.17,0.35,95.0,2,24.55,29.14,25.03,26.83,21.78,0.8174,0.1901,0.5233
0.39,0.09,0.19,0.33,94.99,2,24.59,29.3,24.97,27.08,21.72,0.8265,0.1937,0.526
0.39,0.11,0.05,0.45,94.99,2,23.49,28.45,24.66,25.9,19.91,0.7571,0.1669,0.4987
0.39,0.11,0.07,0.43,94.99,2,23.62,28.54,24.71,26.21,19.96,0.767,0.1726,0.502
0.39,0.11,0.09,0.41,94.99,2,24.32,28.75,24.93,26.34,21.68,0.7775,0.1779,0.5115
0.41,0.05,0.05,0.49,94.99,2,24.83,28.28,25.99,25.59,22.91,0.7611,0.144,0.516
0.41,0.05,0.07,0.47,94.99,2,24.93,28.41,26.08,25.73,23.0,0.7721,0.1507,0.5192
0.41,0.05,0.09,0.45,94.99,2,24.98,28.54,25.99,25.9,23.05,0.7835,0.157,0.522
0.41,0.05,0.11,0.43,94.99,2,24.49,28.71,25.94,26.03,21.49,0.7946,0.1629,0.5196
0.41,0.05,0.13,0.41,94.99,2,24.67,28.88,25.94,26.34,21.72,0.8051,0.1684,0.5238
0.41,0.05,0.15,0.39,94.99,2,24.61,29.05,25.77,26.38,21.68,0.815,0.1735,0.5255
0.41,0.05,0.17,0.37,94.99,2,24.65,29.09,25.81,26.38,21.77,0.8238,0.1782,0.5276
0.41,0.05,0.19,0.35,94.99,2,24.61,29.09,25.73,26.38,21.72,0.8326,0.1825,0.5287
0.41,0.05,0.21,0.33,94.99,2,24.65,29.13,25.73,26.56,21.68,0.8413,0.1864,0.5309
0.41,0.05,0.23,0.31,94.99,2,24.65,29.13,25.68,26.64,21.63,0.8501,0.1898,0.5325
0.41,0.05,0.25,0.29,94.99,2,24.63,29.21,25.64,26.77,21.49,0.8589,0.1929,0.5344
0.41,0.05,0.27,0.27,94.99,2,24.71,29.3,25.59,26.99,21.54,0.8671,0.1955,0.5371
0.41,0.05,0.29,0.25,95.0,2,24.79,29.43,25.51,27.13,21.73,0.8753,0.1977,0.5401
0.41,0.05,0.31,0.23,94.99,2,24.75,29.38,25.28,27.25,21.72,0.8833,0.1996,0.5413
0.41,0.05,0.33,0.21,94.99,2,24.63,29.42,24.97,27.25,21.68,0.8908,0.201,0.5419
0.41,0.05,0.35,0.19,94.99,2,24.63,29.55,24.84,27.47,21.59,0.8979,0.202,0.5439
0.41,0.07,0.05,0.47,94.99,2,24.95,28.32,25.9,25.9,23.05,0.7634,0.1522,0.5166
0.41,0.07,0.07,0.45,94.99,2,25.02,28.41,26.03,25.99,23.05,0.7747,0.1586,0.5196
0.41,0.07,0.09,0.43,95.0,2,25.03,28.54,25.99,26.04,23.05,0.7857,0.1645,0.5219
0.41,0.07,0.11,0.41,94.99,2,24.55,28.71,25.9,26.25,21.49,0.7966,0.1701,0.5196
0.41,0.07,0.13,0.39,94.99,2,24.67,28.92,25.9,26.38,21.72,0.8071,0.1752,0.5234
0.41,0.07,0.15,0.37,94.99,2,24.62,29.09,25.77,26.43,21.68,0.817,0.18,0.5253
0.41,0.07,0.17,0.35,95.0,2,24.7,29.31,25.83,26.48,21.78,0.8258,0.1843,0.5284
0.41,0.07,0.19,0.33,94.99,2,24.77,29.34,25.77,26.82,21.72,0.8346,0.1882,0.5308
0.41,0.07,0.21,0.31,95.0,2,24.75,29.31,25.56,27.0,21.68,0.8432,0.1917,0.5321
0.41,0.07,0.23,0.29,95.0,2,24.69,29.27,25.34,27.09,21.64,0.852,0.1948,0.5331
0.41,0.07,0.25,0.27,95.0,2,24.67,29.44,25.3,27.22,21.5,0.8609,0.1975,0.5354
0.41,0.09,0.05,0.45,94.99,2,24.96,28.41,25.94,25.94,23.0,0.7661,0.1597,0.5166
0.41,0.09,0.07,0.43,94.99,2,25.02,28.58,25.99,26.03,23.05,0.7771,0.1657,0.5197
0.41,0.09,0.09,0.41,94.99,2,25.01,28.66,25.77,26.16,23.09,0.7878,0.1713,0.5217
0.41,0.09,0.11,0.39,94.99,2,24.5,28.83,25.59,26.43,21.49,0.7986,0.1765,0.5191
0.41,0.09,0.13,0.37,95.0,2,24.62,29.1,25.39,26.74,21.73,0.8091,0.1813,0.5231
0.41,0.09,0.15,0.35,95.0,2,24.62,29.27,25.25,26.92,21.69,0.8189,0.1857,0.5255
0.41,0.09,0.17,0.33,94.99,2,24.71,29.42,25.24,27.08,21.82,0.8276,0.1896,0.5286
0.41,0.11,0.05,0.43,94.99,2,24.34,28.62,25.06,26.34,21.63,0.7685,0.1664,0.5108
0.41,0.11,0.07,0.41,94.99,2,24.86,28.79,25.06,26.43,23.09,0.7792,0.1721,0.5184
0.43,0.05,0.05,0.47,94.99,2,25.07,28.54,26.08,25.99,23.14,0.7736,0.1443,0.5223
0.43,0.05,0.07,0.45,94.99,2,25.1,28.66,26.12,26.03,23.14,0.7845,0.1509,0.5248
0.43,0.05,0.09,0.43,94.99,2,25.19,28.79,26.08,26.25,23.23,0.7954,0.1572,0.5279
0.43,0.05,0.11,0.41,94.99,2,25.2,28.83,25.99,26.34,23.27,0.8064,0.163,0.5301
0.43,0.05,0.13,0.39,94.99,2,24.68,29.09,25.94,26.43,21.68,0.8163,0.1685,0.5274
0.43,0.05,0.15,0.37,94.99,2,24.73,29.21,25.99,26.47,21.72,0.825,0.1735,0.5298
0.43,0.05,0.17,0.35,94.99,2,24.74,29.17,25.81,26.6,21.82,0.8336,0.1781,0.5312
0.43,0.05,0.19,0.33,94.99,2,24.73,29.13,25.86,26.6,21.72,0.8421,0.1823,0.5324
0.43,0.05,0.21,0.31,94.99,2,24.71,29.38,25.77,26.64,21.72,0.8507,0.1861,0.5347
0.43,0.05,0.23,0.29,95.0,2,24.72,29.44,25.69,26.79,21.69,0.8592,0.1895,0.5367
0.43,0.05,0.25,0.27,94.99,2,24.74,29.34,25.64,27.03,21.54,0.8677,0.1925,0.5381
0.43,0.05,0.27,0.25,95.0,2,24.79,29.48,25.65,27.13,21.6,0.8758,0.1951,0.5408
0.43,0.05,0.29,0.23,94.99,2,24.87,29.47,25.59,27.29,21.72,0.884,0.1972,0.5433
0.43,0.05,0.31,0.21,94.99,2,24.8,29.59,25.37,27.29,21.72,0.8917,0.199,0.5446
0.43,0.05,0.33,0.19,94.99,2,24.75,29.64,25.2,27.47,21.59,0.8988,0.2004,0.5459
0.43,0.07,0.05,0.45,94.99,2,25.1,28.49,26.08,26.12,23.09,0.7763,0.1522,0.5219
0.43,0.07,0.07,0.43,94.99,2,25.14,28.66,26.12,26.12,23.18,0.7869,0.1585,0.5247
0.43,0.07,0.09,0.41,94.99,2,25.2,28.83,26.08,26.29,23.23,0.7975,0.1643,0.5276
0.43,0.07,0.11,0.39,94.99,2,25.23,28.88,26.08,26.34,23.27,0.8084,0.1698,0.53
0.43,0.07,0.13,0.37,94.99,2,24.68,29.13,25.9,26.47,21.68,0.8182,0.1749,0.5271
0.43,0.07,0.15,0.35,95.0,2,24.75,29.4,25.96,26.57,21.73,0.8269,0.1796,0.5302
0.43,0.07,0.17,0.33,94.99,2,24.89,29.38,25.94,26.9,21.82,0.8355,0.1838,0.533
0.43,0.07,0.19,0.31,95.0,2,24.88,29.43,25.91,27.0,21.73,0.844,0.1877,0.5347
0.43,0.07,0.21,0.29,95.0,2,24.85,29.57,25.69,27.13,21.73,0.8526,0.1911,0.5365
0.43,0.07,0.23,0.27,95.0,2,24.82,29.57,25.56,27.22,21.69,0.8613,0.1942,0.5379
0.43,0.09,0.05,0.43,94.99,2,25.13,28.66,26.12,26.16,23.09,0.7788,0.1593,0.5224
0.43,0.09,0.07,0.41,94.99,2,25.17,28.83,26.03,26.29,23.18,0.7891,0.1652,0.5251
0.43,0.09,0.09,0.39,94.99,2,25.23,29.05,25.99,26.51,23.18,0.7995,0.1708,0.5282
0.43,0.09,0.11,0.37,95.0,2,25.37,29.14,26.0,26.7,23.42,0.8103,0.1759,0.5319
0.43,0.09,0.13,0.35,95.0,2,24.81,29.31,25.78,26.92,21.73,0.8201,0.1806,0.5286
0.43,0.09,0.15,0.33,95.0,2,24.85,29.65,25.65,27.18,21.73,0.8287,0.1849,0.5318
0.43,0.11,0.05,0.41,94.99,2,24.96,28.83,25.24,26.51,23.14,0.7809,0.1657,0.5209
0.45,0.05,0.05,0.45,94.99,2,25.17,28.75,26.16,26.16,23.18,0.7855,0.1442,0.5271
0.45,0.05,0.07,0.43,94.99,2,25.23,28.92,26.12,26.34,23.23,0.7961,0.1508,0.5299
0.45,0.05,0.09,0.41,94.99,2,25.24,28.96,26.03,26.47,23.23,0.8075,0.157,0.5321
0.45,0.05,0.11,0.39,94.99,2,25.29,29.09,25.99,26.47,23.41,0.8172,0.1628,0.5346
0.45,0.05,0.13,0.37,94.99,2,24.76,29.21,26.03,26.51,21.72,0.8262,0.1682,0.5311
0.45,0.05,0.15,0.35,94.99,2,24.8,29.3,25.99,26.6,21.82,0.8344,0.1731,0.5332
0.45,0.05,0.17,0.33,94.99,2,24.77,29.38,25.86,26.69,21.77,0.8429,0.1777,0.5346
0.45,0.05,0.19,0.31,94.99,2,24.78,29.55,25.94,26.69,21.72,0.8513,0.1818,0.5368
0.45,0.05,0.21,0.29,94.99,2,24.77,29.47,25.77,26.86,21.68,0.8595,0.1855,0.5379
0.45,0.05,0.23,0.27,94.99,2,24.77,29.51,25.68,26.95,21.68,0.8682,0.1889,0.5397
0.45,0.05,0.25,0.25,95.0,2,24.84,29.61,25.69,27.13,21.69,0.8763,0.1918,0.5423
0.45,0.05,0.27,0.23,94.99,2,24.93,29.51,25.59,27.42,21.77,0.8845,0.1943,0.5446
0.45,0.05,0.29,0.21,94.99,2,24.87,29.59,25.46,27.42,21.72,0.8925,0.1964,0.5459
0.45,0.05,0.31,0.19,94.99,2,24.82,29.72,25.28,27.47,21.72,0.8996,0.1981,0.5475
0.45,0.07,0.05,0.43,94.99,2,25.21,28.75,26.16,26.29,23.18,0.788,0.1518,0.527
0.45,0.07,0.07,0.41,94.99,2,25.23,28.92,26.12,26.34,23.23,0.7983,0.158,0.5294
0.45,0.07,0.09,0.39,94.99,2,25.29,29.09,26.08,26.51,23.27,0.8095,0.1638,0.5325
0.45,0.07,0.11,0.37,94.99,2,25.32,29.17,26.03,26.51,23.41,0.8192,0.1692,0.5347
0.45,0.07,0.13,0.35,95.0,2,24.81,29.52,26.09,26.61,21.73,0.828,0.1742,0.5323
0.45,0.07,0.15,0.33,95.0,2,24.94,29.57,26.09,26.92,21.83,0.8363,0.1788,0.5352
0.45,0.07,0.17,0.31,94.99,2,24.92,29.59,25.94,27.03,21.77,0.8448,0.183,0.5365
0.45,0.07,0.19,0.29,95.0,2,24.96,29.73,25.87,27.22,21.78,0.8532,0.1868,0.5389
0.45,0.07,0.21,0.27,95.0,2,24.93,29.65,25.69,27.26,21.83,0.8616,0.1902,0.5399
0.45,0.09,0.05,0.41,94.99,2,25.27,28.83,26.12,26.51,23.18,0.7903,0.1586,0.5274
0.45,0.09,0.07,0.39,94.99,2,25.3,29.09,26.08,26.6,23.23,0.8003,0.1644,0.5302
0.45,0.09,0.09,0.37,95.0,2,25.39,29.27,26.0,26.83,23.33,0.8114,0.1699,0.5337
0.45,0.09,0.11,0.35,95.0,2,25.42,29.4,26.0,26.87,23.38,0.821,0.175,0.5361
0.45,0.09,0.13,0.33,95.0,2,24.99,29.73,26.0,27.18,21.78,0.8298,0.1796,0.5344
0.47,0.05,0.05,0.43,94.99,2,25.29,28.83,26.16,26.43,23.27,0.7969,0.1439,0.5314
0.47,0.05,0.07,0.41,94.99,2,25.27,29.05,26.12,26.47,23.23,0.8084,0.1504,0.5339
0.47,0.05,0.09,0.39,94.99,2,25.27,29.21,26.08,26.43,23.32,0.8179,0.1565,0.536
0.47,0.05,0.11,0.37,94.99,2,25.33,29.3,26.03,26.56,23.41,0.8272,0.1622,0.5383
0.47,0.05,0.13,0.35,94.99,2,24.84,29.38,26.03,26.73,21.77,0.8354,0.1675,0.535
0.47,0.05,0.15,0.33,94.99,2,24.89,29.59,26.03,26.77,21.86,0.8437,0.1724,0.5375
0.47,0.05,0.17,0.31,94.99,2,24.83,29.64,25.9,26.73,21.86,0.8518,0.1769,0.5385
0.47,0.05,0.19,0.29,94.99,2,24.89,29.64,25.9,26.95,21.82,0.8601,0.181,0.5405
0.47,0.05,0.21,0.27,94.99,2,24.83,29.55,25.73,26.99,21.77,0.8686,0.1846,0.5412
0.47,0.05,0.23,0.25,95.0,2,24.85,29.73,25.74,27.09,21.73,0.8767,0.1879,0.5436
0.47,0.05,0.25,0.23,95.0,2,24.94,29.56,25.69,27.34,21.78,0.8851,0.1908,0.5455
0.47,0.05,0.27,0.21,95.0,2,24.95,29.64,25.51,27.47,21.87,0.8932,0.1932,0.5476
0.47,0.05,0.29,0.19,94.99,2,24.93,29.72,25.42,27.59,21.77,0.9004,0.1952,0.5491
0.47,0.07,0.05,0.41,94.99,2,25.32,28.96,26.21,26.47,23.27,0.7993,0.1511,0.5317
0.47,0.07,0.07,0.39,94.99,2,25.33,29.09,26.16,26.56,23.27,0.8102,0.1572,0.5341
0.47,0.07,0.09,0.37,94.99,2,25.35,29.26,26.08,26.6,23.36,0.8198,0.163,0.5364
0.47,0.07,0.11,0.35,94.99,2,25.43,29.51,26.08,26.77,23.45,0.829,0.1683,0.5396
0.47,0.07,0.13,0.33,95.0,2,24.99,29.61,26.13,27.05,21.78,0.8371,0.1733,0.5368
0.47,0.07,0.15,0.31,95.0,2,25.07,29.82,26.23,27.1,21.88,0.8453,0.1778,0.5397
0.47,0.07,0.17,0.29,94.99,2,24.99,29.8,25.9,27.21,21.86,0.8538,0.1819,0.5404
0.47,0.07,0.19,0.27,95.0,2,25.0,29.82,25.78,27.39,21.83,0.862,0.1856,0.542
0.47,0.09,0.05,0.39,94.99,2,25.39,29.09,26.16,26.73,23.27,0.8012,0.1575,0.5324
0.47,0.09,0.07,0.37,94.99,2,25.48,29.34,26.12,26.9,23.41,0.812,0.1633,0.536
0.47,0.09,0.09,0.35,95.0,2,25.51,29.48,26.09,26.96,23.47,0.8215,0.1687,0.5383
0.47,0.09,0.11,0.33,95.0,2,25.58,29.73,26.0,27.22,23.51,0.8307,0.1737,0.5415
0.49,0.05,0.05,0.41,94.99,2,25.35,29.0,26.16,26.51,23.36,0.8089,0.1432,0.5357
0.49,0.05,0.07,0.39,94.99,2,25.35,29.17,26.12,26.56,23.36,0.8187,0.1496,0.5378
0.49,0.05,0.09,0.37,94.99,2,25.32,29.21,26.08,26.6,23.27,0.8279,0.1557,0.539
0.49,0.05,0.11,0.35,94.99,2,25.45,29.47,26.03,26.82,23.5,0.8363,0.1613,0.5425
0.49,0.05,0.13,0.33,94.99,2,24.9,29.64,26.03,26.86,21.82,0.8442,0.1666,0.5388
0.49,0.05,0.15,0.31,95.0,2,24.97,29.66,26.14,26.84,21.92,0.8523,0.1714,0.5408
0.49,0.05,0.17,0.29,94.99,2,25.01,29.72,26.16,26.95,21.91,0.8604,0.1758,0.5428
0.49,0.05,0.19,0.27,94.99,2,24.95,29.72,25.86,27.08,21.91,0.8686,0.1798,0.5437
0.49,0.05,0.21,0.25,95.0,2,24.94,29.82,25.74,27.22,21.87,0.877,0.1834,0.5455
0.49,0.05,0.23,0.23,95.0,2,24.95,29.73,25.73,27.34,21.78,0.8854,0.1866,0.5469
0.49,0.05,0.25,0.21,94.99,2,24.93,29.84,25.55,27.51,21.72,0.8937,0.1894,0.5487
0.49,0.05,0.27,0.19,94.99,2,25.0,29.72,25.51,27.64,21.86,0.9011,0.1918,0.5505
0.49,0.07,0.05,0.39,94.99,2,25.38,29.17,26.21,26.56,23.36,0.8107,0.15,0.536
0.49,0.07,0.07,0.37,94.99,2,25.38,29.26,26.16,26.6,23.36,0.8205,0.1561,0.5379
0.49,0.07,0.09,0.35,94.99,2,25.36,29.42,26.12,26.69,23.27,0.8297,0.1618,0.5398
0.49,0.07,0.11,0.33,95.0,2,25.58,29.69,26.13,27.09,23.51,0.8379,0.1671,0.5441
0.49,0.07,0.13,0.31,95.0,2,25.07,29.82,26.18,27.22,21.83,0.8459,0.172,0.5408
0.49,0.07,0.15,0.29,94.99,2,25.11,29.84,26.08,27.34,21.91,0.8543,0.1764,0.5426
0.49,0.07,0.17,0.27,95.0,2,25.15,29.9,26.09,27.35,22.01,0.8623,0.1805,0.5447
0.49,0.09,0.05,0.37,94.99,2,25.48,29.51,26.16,26.9,23.36,0.8125,0.1561,0.5378
0.49,0.09,0.07,0.35,95.0,2,25.55,29.48,26.18,27.05,23.42,0.8223,0.1618,0.54
0.49,0.09,0.09,0.33,95.0,2,25.61,29.61,26.09,27.26,23.47,0.8313,0.1672,0.5424
0.51,0.05,0.05,0.39,94.99,2,25.41,29.3,26.21,26.56,23.45,0.8195,0.1421,0.5401
0.51,0.05,0.07,0.37,94.99,2,25.39,29.21,26.12,26.73,23.32,0.8283,0.1485,0.5409
0.51,0.05,0.09,0.35,94.99,2,25.49,29.38,26.08,26.9,23.5,0.8372,0.1545,0.5439
0.51,0.05,0.11,0.33,94.99,2,25.46,29.72,26.03,26.86,23.5,0.8448,0.1601,0.5458
0.51,0.05,0.13,0.31,95.0,2,25.01,29.65,26.18,26.87,21.96,0.8528,0.1653,0.5422
0.51,0.05,0.15,0.29,94.99,2,25.12,29.84,26.25,27.08,22.04,0.8607,0.17,0.5454
0.51,0.05,0.17,0.27,95.0,2,25.09,29.81,26.17,27.13,21.96,0.8687,0.1744,0.5462
0.51,0.05,0.19,0.25,95.0,2,25.03,29.86,25.83,27.35,21.92,0.8772,0.1783,0.5474
0.51,0.05,0.21,0.23,95.0,2,25.01,29.81,25.78,27.43,21.82,0.8857,0.1819,0.5486
0.51,0.05,0.23,0.21,94.99,2,24.97,29.84,25.64,27.47,21.82,0.8941,0.185,0.55
0.51,0.05,0.25,0.19,94.99,2,25.05,29.89,25.55,27.68,21.91,0.9018,0.1877,0.5524
0.51,0.07,0.05,0.37,94.99,2,25.45,29.42,26.25,26.64,23.45,0.8211,0.1486,0.5405
0.51,0.07,0.07,0.35,94.99,2,25.45,29.47,26.16,26.86,23.32,0.8301,0.1547,0.5419
0.51,0.07,0.09,0.33,95.0,2,25.58,29.69,26.13,27.09,23.51,0.8386,0.1603,0.5453
0.51,0.07,0.11,0.31,95.0,2,25.65,29.86,26.18,27.22,23.56,0.8464,0.1655,0.5478
0.51,0.07,0.13,0.29,95.0,2,25.13,29.99,26.13,27.31,21.96,0.8547,0.1703,0.5444
0.51,0.07,0.15,0.27,95.0,2,25.24,30.03,26.18,27.48,22.06,0.8626,0.1747,0.5469
0.51,0.09,0.05,0.35,95.0,2,25.55,29.69,26.22,27.0,23.42,0.8228,0.1544,0.542
0.51,0.09,0.07,0.33,95.0,2,25.65,29.65,26.13,27.31,23.51,0.8316,0.16,0.5442
0.53,0.05,0.05,0.37,94.99,2,25.43,29.38,26.21,26.73,23.36,0.8288,0.1408,0.5433
0.53,0.05,0.07,0.35,94.99,2,25.4,29.47,26.12,26.77,23.32,0.8377,0.1471,0.5445
0.53,0.05,0.09,0.33,94.99,2,25.51,29.76,26.08,26.9,23.54,0.8454,0.153,0.5477
0.53,0.05,0.11,0.31,95.0,2,25.58,29.69,26.13,26.96,23.65,0.8531,0.1585,0.5492
0.53,0.05,0.13,0.29,95.0,2,25.7,29.86,26.26,27.09,23.74,0.8609,0.1636,0.5522
0.53,0.05,0.15,0.27,94.99,2,25.15,29.89,26.21,27.21,22.04,0.8688,0.1683,0.5481
0.53,0.05,0.17,0.25,94.99,2,25.15,29.93,26.03,27.42,22.0,0.8772,0.1726,0.5497
0.53,0.05,0.19,0.23,95.0,2,25.11,29.94,25.91,27.52,21.91,0.8861,0.1765,0.5509
0.53,0.05,0.21,0.21,94.99,2,25.05,30.01,25.68,27.59,21.86,0.8944,0.18,0.5521
0.53,0.05,0.23,0.19,94.99,2,25.07,29.97,25.59,27.77,21.86,0.9025,0.183,0.5538
0.53,0.07,0.05,0.35,94.99,2,25.51,29.51,26.25,26.9,23.36,0.8305,0.1469,0.5439
0.53,0.07,0.07,0.33,95.0,2,25.53,29.69,26.18,27.05,23.38,0.8392,0.1529,0.5461
0.53,0.07,0.09,0.31,95.0,2,25.71,29.94,26.18,27.35,23.6,0.847,0.1584,0.5499
0.53,0.07,0.11,0.29,95.0,2,25.71,29.94,26.09,27.39,23.65,0.8551,0.1636,0.5511
0.53,0.07,0.13,0.27,95.0,2,25.81,30.07,26.22,27.44,23.78,0.8629,0.1683,0.5539
0.53,0.09,0.05,0.33,95.0,2,25.65,29.73,26.22,27.31,23.42,0.8321,0.1523,0.5457
0.55,0.05,0.05,0.35,94.99,2,25.46,29.55,26.21,26.77,23.41,0.8379,0.1391,0.5467
0.55,0.05,0.07,0.33,94.99,2,25.51,29.76,26.16,26.95,23.41,0.846,0.1454,0.5489
0.55,0.05,0.09,0.31,94.99,2,25.57,29.76,26.12,26.99,23.59,0.8535,0.1512,0.5505
0.55,0.05,0.11,0.29,95.0,2,25.65,29.86,26.13,27.13,23.69,0.8611,0.1566,0.5528
0.55,0.05,0.13,0.27,95.0,2,25.73,29.98,26.26,27.21,23.73,0.8689,0.1617,0.5552
0.55,0.05,0.15,0.25,94.99,2,25.21,29.97,26.21,27.38,22.04,0.8772,0.1663,0.5513
0.55,0.05,0.17,0.23,95.0,2,25.19,29.99,26.09,27.57,21.92,0.8863,0.1705,0.5528
0.55,0.05,0.19,0.21,94.99,2,25.12,30.05,25.81,27.68,21.86,0.8946,0.1743,0.5539
0.55,0.05,0.21,0.19,94.99,2,25.15,30.01,25.68,27.85,21.91,0.903,0.1778,0.5556
0.55,0.07,0.05,0.33,94.99,2,25.55,29.76,26.25,26.99,23.41,0.8394,0.1449,0.5478
0.55,0.07,0.07,0.31,95.0,2,25.69,29.94,26.22,27.31,23.56,0.8475,0.1508,0.551
0.55,0.07,0.09,0.29,95.0,2,25.71,30.07,26.09,27.39,23.65,0.8553,0.1563,0.5527
0.55,0.07,0.11,0.27,95.0,2,25.78,30.1,26.17,27.47,23.69,0.8631,0.1614,0.5547
0.57,0.05,0.05,0.33,94.99,2,25.57,29.76,26.25,26.95,23.5,0.8464,0.1371,0.5509
0.57,0.05,0.07,0.31,94.99,2,25.58,29.8,26.16,26.99,23.59,0.8538,0.1433,0.5521
0.57,0.05,0.09,0.29,95.0,2,25.64,29.99,26.13,27.09,23.69,0.8612,0.1491,0.5543
0.57,0.05,0.11,0.27,95.0,2,25.71,30.07,26.26,27.22,23.65,0.8689,0.1544,0.5564
0.57,0.05,0.13,0.25,94.99,2,25.81,30.14,26.25,27.42,23.77,0.8772,0.1594,0.559
0.57,0.05,0.15,0.23,95.0,2,25.24,30.07,26.18,27.57,21.96,0.8862,0.164,0.5545
0.57,0.05,0.17,0.21,94.99,2,25.16,30.05,25.9,27.68,21.91,0.8948,0.1681,0.5553
0.57,0.05,0.19,0.19,94.99,2,25.18,30.14,25.81,27.81,21.91,0.9035,0.1719,0.5573
0.57,0.07,0.05,0.31,95.0,2,25.69,30.03,26.31,27.26,23.51,0.8479,0.1425,0.5526
0.57,0.07,0.07,0.29,95.0,2,25.73,30.12,26.14,27.4,23.65,0.8556,0.1484,0.5544
0.57,0.07,0.09,0.27,95.0,2,25.76,30.23,26.13,27.47,23.69,0.8632,0.1538,0.5562
0.59,0.05,0.05,0.31,94.99,2,25.58,29.93,26.25,26.99,23.5,0.8541,0.1347,0.5539
0.59,0.05,0.07,0.29,94.99,2,25.65,30.1,26.16,27.12,23.68,0.8614,0.1409,0.5561
0.59,0.05,0.09,0.27,95.0,2,25.74,30.24,26.26,27.26,23.69,0.8689,0.1466,0.5585
0.59,0.05,0.11,0.25,94.99,2,25.81,30.18,26.29,27.47,23.68,0.8771,0.1519,0.5602
0.59,0.05,0.13,0.23,95.0,2,25.83,30.19,26.22,27.57,23.69,0.8859,0.1568,0.5619
0.59,0.05,0.15,0.21,94.99,2,25.24,30.1,25.99,27.72,22.0,0.895,0.1613,0.5573
0.59,0.05,0.17,0.19,94.99,2,25.27,30.26,25.9,27.9,22.0,0.9037,0.1654,0.5597
0.59,0.07,0.05,0.29,95.0,2,25.75,30.15,26.22,27.31,23.74,0.8558,0.1398,0.5561
0.59,0.07,0.07,0.27,95.0,2,25.78,30.36,26.13,27.52,23.69,0.8634,0.1456,0.5581
0.61,0.05,0.05,0.29,94.99,2,25.67,30.01,26.25,27.16,23.59,0.8616,0.1321,0.5573
0.61,0.05,0.07,0.27,95.0,2,25.78,30.28,26.31,27.35,23.69,0.869,0.1381,0.5603
0.61,0.05,0.09,0.25,95.0,2,25.81,30.28,26.26,27.48,23.69,0.8769,0.1438,0.5618
0.61,0.05,0.11,0.23,95.0,2,25.88,30.32,26.26,27.61,23.78,0.886,0.149,0.5641
0.61,0.05,0.13,0.21,94.99,2,25.87,30.26,26.16,27.72,23.72,0.895,0.1539,0.5653
0.61,0.05,0.15,0.19,94.99,2,25.84,30.35,25.94,27.9,23.68,0.9038,0.1583,0.5668
0.61,0.07,0.05,0.27,95.0,2,25.86,30.28,26.22,27.57,23.78,0.8636,0.1368,0.5599
0.63,0.05,0.05,0.27,95.0,2,25.83,30.15,26.35,27.35,23.78,0.8691,0.1291,0.5617
0.63,0.05,0.07,0.25,95.0,2,25.87,30.29,26.36,27.49,23.75,0.8768,0.135,0.5637
0.63,0.05,0.09,0.23,95.0,2,25.88,30.36,26.26,27.65,23.74,0.8858,0.1406,0.5655
0.63,0.05,0.11,0.21,95.0,2,25.92,30.37,26.23,27.79,23.74,0.8947,0.1458,0.5673
0.63,0.05,0.13,0.19,94.99,2,25.88,30.47,26.08,27.85,23.72,0.904,0.1506,0.5689
0.65,0.05,0.05,0.25,95.0,2,25.89,30.19,26.4,27.48,23.78,0.8767,0.1257,0.5649
0.65,0.05,0.07,0.23,95.0,2,25.9,30.36,26.31,27.61,23.78,0.8856,0.1317,0.5669
0.65,0.05,0.09,0.21,95.0,2,25.91,30.4,26.21,27.77,23.73,0.8947,0.1372,0.5685
0.65,0.05,0.11,0.19,94.99,2,25.96,30.51,26.25,27.85,23.77,0.9041,0.1423,0.571
0.67,0.05,0.05,0.23,95.0,2,25.94,30.36,26.35,27.65,23.83,0.8853,0.1221,0.5687
0.67,0.05,0.07,0.21,95.0,2,25.97,30.44,26.3,27.77,23.82,0.8947,0.1279,0.5707
0.67,0.05,0.09,0.19,94.99,2,25.94,30.55,26.25,27.85,23.72,0.9038,0.1334,0.5723
0.69,0.05,0.05,0.21,94.99,2,25.99,30.47,26.29,27.77,23.9,0.8946,0.1181,0.5725
0.69,0.05,0.07,0.19,94.99,2,25.97,30.6,26.25,27.9,23.77,0.9037,0.1239,0.5742
0.71,0.05,0.05,0.19,95.0,2,26.03,30.61,26.31,27.95,23.83,0.9036,0.1138,0.5763
